"Date";"Days from today";"Caseload";"Administrator (coordination)";"Doctor (ETU)";"Doctor (coordination)";"Epidemiologist (contact tracing)";"Epidemiologist (coordination)";"Lab scientist (laboratories)";"Logistician (burials)";"Logistician (ETU)";"Logistician (coordination)";"Nurse (ETU)";"Public health specialist (Social mobilization)";"Public health specialist (coordination)";"Data management (coordination)";"Total personnel"
"2015-05-01";"168";"3216 (-1010, 7442)";"4 (-1, 9)";"7 (-3, 17)";"2 ( 0, 4)";"4 (-1, 9)";"5 (-2, 12)";"11 (-3, 25)";"5 (-2, 12)";"14 (-5, 33)";"5 (-2, 12)";"29 (-9, 67)";"8 (-3, 19)";"4 (-1, 9)";"5 (-1, 11)";"103 (54, 152)"
"2015-04-30";"167";"3183 ( -979, 7345)";"4 (-1, 9)";"7 (-2, 16)";"2 ( 0, 4)";"4 (-1, 9)";"5 (-2, 12)";"11 (-3, 25)";"5 (-2, 12)";"14 (-5, 33)";"5 (-2, 12)";"28 (-9, 65)";"8 (-3, 19)";"4 (-1, 9)";"4 (-2, 10)";"101 (52, 150)"
"2015-04-29";"166";"3150 ( -949, 7249)";"3 (-2, 8)";"7 (-2, 16)";"2 ( 0, 4)";"4 (-1, 9)";"5 (-2, 12)";"11 (-3, 25)";"5 (-2, 12)";"14 (-4, 32)";"5 (-2, 12)";"28 (-8, 64)";"8 (-2, 18)";"3 (-2, 8)";"4 (-2, 10)";" 99 (51, 147)"
"2015-04-28";"165";"3118 ( -919, 7155)";"3 (-1, 7)";"7 (-2, 16)";"2 ( 0, 4)";"4 (-1, 9)";"5 (-2, 12)";"10 (-4, 24)";"5 (-2, 12)";"14 (-4, 32)";"5 (-2, 12)";"28 (-8, 64)";"8 (-2, 18)";"3 (-1, 7)";"4 (-2, 10)";" 98 (51, 145)"
"2015-04-27";"164";"3087 ( -888, 7062)";"3 (-1, 7)";"7 (-2, 16)";"2 ( 0, 4)";"4 (-1, 9)";"5 (-2, 12)";"10 (-3, 23)";"5 (-2, 12)";"14 (-4, 32)";"5 (-2, 12)";"27 (-8, 62)";"8 (-2, 18)";"3 (-1, 7)";"4 (-2, 10)";" 97 (51, 143)"
"2015-04-26";"163";"3055 ( -860, 6970)";"3 (-1, 7)";"7 (-2, 16)";"2 ( 0, 4)";"4 (-1, 9)";"5 (-1, 11)";"10 (-3, 23)";"5 (-1, 11)";"14 (-3, 31)";"5 (-1, 11)";"27 (-8, 62)";"8 (-2, 18)";"3 (-1, 7)";"4 (-1,  9)";" 97 (51, 143)"
"2015-04-25";"162";"3024 ( -831, 6879)";"3 (-1, 7)";"7 (-2, 16)";"2 ( 0, 4)";"4 (-1, 9)";"5 (-1, 11)";"10 (-3, 23)";"5 (-1, 11)";"13 (-4, 30)";"5 (-1, 11)";"27 (-7, 61)";"8 (-2, 18)";"3 (-1, 7)";"4 (-1,  9)";" 96 (51, 141)"
"2015-04-24";"161";"2993 ( -804, 6790)";"3 (-1, 7)";"7 (-2, 16)";"2 ( 0, 4)";"4 (-1, 9)";"5 (-1, 11)";"10 (-3, 23)";"5 (-1, 11)";"13 (-4, 30)";"5 (-1, 11)";"27 (-7, 61)";"8 (-2, 18)";"3 (-1, 7)";"4 (-1,  9)";" 96 (52, 140)"
"2015-04-23";"160";"2963 ( -776, 6702)";"3 (-1, 7)";"7 (-1, 15)";"2 ( 0, 4)";"4 (-1, 9)";"5 (-1, 11)";"10 (-3, 23)";"5 (-1, 11)";"13 (-4, 30)";"5 (-1, 11)";"26 (-7, 59)";"8 (-2, 18)";"3 (-1, 7)";"4 (-1,  9)";" 95 (51, 139)"
"2015-04-22";"159";"2933 ( -749, 6615)";"3 (-1, 7)";"7 (-1, 15)";"2 ( 0, 4)";"4 (-1, 9)";"5 (-1, 11)";"10 (-2, 22)";"5 (-1, 11)";"13 (-3, 29)";"5 (-1, 11)";"26 (-7, 59)";"7 (-2, 16)";"3 (-1, 7)";"4 (-1,  9)";" 94 (51, 137)"
"2015-04-21";"158";"2903 ( -723, 6529)";"3 (-1, 7)";"7 (-1, 15)";"2 ( 0, 4)";"4 (-1, 9)";"5 (-1, 11)";"10 (-2, 22)";"5 (-1, 11)";"13 (-3, 29)";"5 (-1, 11)";"26 (-6, 58)";"7 (-2, 16)";"3 (-1, 7)";"4 (-1,  9)";" 94 (52, 136)"
"2015-04-20";"157";"2874 ( -696, 6444)";"3 (-1, 7)";"6 (-2, 14)";"2 ( 0, 4)";"4 ( 0, 8)";"5 (-1, 11)";"10 (-2, 22)";"5 (-1, 11)";"13 (-3, 29)";"5 (-1, 11)";"26 (-6, 58)";"7 (-2, 16)";"3 (-1, 7)";"4 (-1,  9)";" 93 (51, 135)"
"2015-04-19";"156";"2845 ( -671, 6361)";"3 (-1, 7)";"6 (-2, 14)";"2 ( 0, 4)";"4 ( 0, 8)";"5 (-1, 11)";"10 (-2, 22)";"5 (-1, 11)";"13 (-3, 29)";"5 (-1, 11)";"25 (-6, 56)";"7 (-2, 16)";"3 (-1, 7)";"4 (-1,  9)";" 92 (51, 133)"
"2015-04-18";"155";"2816 ( -646, 6278)";"3 (-1, 7)";"6 (-2, 14)";"2 ( 0, 4)";"4 ( 0, 8)";"5 (-1, 11)";" 9 (-3, 21)";"5 (-1, 11)";"13 (-2, 28)";"5 (-1, 11)";"25 (-6, 56)";"7 (-2, 16)";"3 (-1, 7)";"4 (-1,  9)";" 91 (51, 131)"
"2015-04-17";"154";"2788 ( -621, 6197)";"3 (-1, 7)";"6 (-2, 14)";"2 ( 0, 4)";"3 (-1, 7)";"5 (-1, 11)";" 9 (-2, 20)";"5 (-1, 11)";"12 (-3, 27)";"5 (-1, 11)";"25 (-5, 55)";"7 (-2, 16)";"3 (-1, 7)";"4 (-1,  9)";" 89 (49, 129)"
"2015-04-16";"153";"2760 ( -597, 6117)";"3 (-1, 7)";"6 (-2, 14)";"2 ( 0, 4)";"3 (-1, 7)";"5 (-1, 11)";" 9 (-2, 20)";"5 (-1, 11)";"12 (-3, 27)";"5 (-1, 11)";"25 (-5, 55)";"7 (-2, 16)";"3 (-1, 7)";"4 (-1,  9)";" 89 (50, 128)"
"2015-04-15";"152";"2732 ( -574, 6038)";"3 (-1, 7)";"6 (-1, 13)";"2 ( 0, 4)";"3 (-1, 7)";"5 ( 0, 10)";" 9 (-2, 20)";"5 ( 0, 10)";"12 (-3, 27)";"5 ( 0, 10)";"24 (-5, 53)";"7 (-1, 15)";"3 (-1, 7)";"4 (-1,  9)";" 88 (49, 127)"
"2015-04-14";"151";"2704 ( -552, 5960)";"3 (-1, 7)";"6 (-1, 13)";"1 (-1, 3)";"3 (-1, 7)";"4 (-1,  9)";" 9 (-2, 20)";"4 (-1,  9)";"12 (-2, 26)";"4 (-1,  9)";"24 (-5, 53)";"7 (-1, 15)";"3 (-1, 7)";"4 (-1,  9)";" 84 (46, 122)"
"2015-04-13";"150";"2677 ( -529, 5883)";"3 (-1, 7)";"6 (-1, 13)";"1 (-1, 3)";"3 (-1, 7)";"4 (-1,  9)";" 9 (-2, 20)";"4 (-1,  9)";"12 (-2, 26)";"4 (-1,  9)";"24 (-5, 53)";"7 (-1, 15)";"3 (-1, 7)";"4 ( 0,  8)";" 84 (47, 121)"
"2015-04-12";"149";"2650 ( -507, 5807)";"3 ( 0, 6)";"6 (-1, 13)";"1 (-1, 3)";"3 (-1, 7)";"4 (-1,  9)";" 9 (-2, 20)";"4 (-1,  9)";"12 (-2, 26)";"4 (-1,  9)";"24 (-4, 52)";"7 (-1, 15)";"3 ( 0, 6)";"4 ( 0,  8)";" 84 (47, 121)"
"2015-04-11";"148";"2624 ( -484, 5732)";"3 ( 0, 6)";"6 (-1, 13)";"1 (-1, 3)";"3 (-1, 7)";"4 (-1,  9)";" 9 (-1, 19)";"4 (-1,  9)";"12 (-2, 26)";"4 (-1,  9)";"23 (-5, 51)";"7 (-1, 15)";"3 ( 0, 6)";"4 ( 0,  8)";" 83 (47, 119)"
"2015-04-10";"147";"2597 ( -464, 5658)";"3 ( 0, 6)";"6 (-1, 13)";"1 (-1, 3)";"3 (-1, 7)";"4 (-1,  9)";" 9 (-1, 19)";"4 (-1,  9)";"12 (-2, 26)";"4 (-1,  9)";"23 (-4, 50)";"7 (-1, 15)";"3 ( 0, 6)";"4 ( 0,  8)";" 83 (47, 119)"
"2015-04-09";"146";"2571 ( -443, 5585)";"3 ( 0, 6)";"6 (-1, 13)";"1 (-1, 3)";"3 (-1, 7)";"4 (-1,  9)";" 9 (-1, 19)";"4 (-1,  9)";"11 (-2, 24)";"4 (-1,  9)";"23 (-4, 50)";"7 (-1, 15)";"3 ( 0, 6)";"4 ( 0,  8)";" 82 (47, 117)"
"2015-04-08";"145";"2546 ( -422, 5514)";"3 ( 0, 6)";"6 (-1, 13)";"1 (-1, 3)";"3 (-1, 7)";"4 (-1,  9)";" 9 (-1, 19)";"4 (-1,  9)";"11 (-2, 24)";"4 (-1,  9)";"23 (-3, 49)";"6 (-2, 14)";"3 ( 0, 6)";"4 ( 0,  8)";" 81 (46, 116)"
"2015-04-07";"144";"2520 ( -402, 5442)";"3 ( 0, 6)";"6 (-1, 13)";"1 (-1, 3)";"3 (-1, 7)";"4 (-1,  9)";" 8 (-2, 18)";"4 (-1,  9)";"11 (-2, 24)";"4 (-1,  9)";"22 (-4, 48)";"6 (-1, 13)";"3 ( 0, 6)";"4 ( 0,  8)";" 79 (45, 113)"
"2015-04-06";"143";"2495 ( -382, 5372)";"3 ( 0, 6)";"6 ( 0, 12)";"1 (-1, 3)";"3 (-1, 7)";"4 (-1,  9)";" 8 (-2, 18)";"4 (-1,  9)";"11 (-2, 24)";"4 (-1,  9)";"22 (-4, 48)";"6 (-1, 13)";"3 ( 0, 6)";"3 (-1,  7)";" 78 (44, 112)"
"2015-04-05";"142";"2470 ( -363, 5303)";"3 ( 0, 6)";"6 ( 0, 12)";"1 (-1, 3)";"3 (-1, 7)";"4 (-1,  9)";" 8 (-1, 17)";"4 (-1,  9)";"11 (-2, 24)";"4 (-1,  9)";"22 (-3, 47)";"6 (-1, 13)";"3 ( 0, 6)";"3 (-1,  7)";" 78 (45, 111)"
"2015-04-04";"141";"2446 ( -344, 5236)";"3 ( 0, 6)";"6 ( 0, 12)";"1 (-1, 3)";"3 ( 0, 6)";"4 (-1,  9)";" 8 (-1, 17)";"4 (-1,  9)";"11 (-1, 23)";"4 (-1,  9)";"22 (-3, 47)";"6 (-1, 13)";"3 ( 0, 6)";"3 (-1,  7)";" 78 (45, 111)"
"2015-04-03";"140";"2421 ( -326, 5168)";"3 ( 0, 6)";"5 (-1, 11)";"1 (-1, 3)";"3 ( 0, 6)";"4 (-1,  9)";" 8 (-1, 17)";"4 (-1,  9)";"11 (-1, 23)";"4 (-1,  9)";"22 (-2, 46)";"6 (-1, 13)";"3 ( 0, 6)";"3 (-1,  7)";" 77 (45, 109)"
"2015-04-02";"139";"2397 ( -308, 5102)";"3 ( 0, 6)";"5 (-1, 11)";"1 ( 0, 2)";"3 ( 0, 6)";"4 ( 0,  8)";" 8 (-1, 17)";"4 ( 0,  8)";"11 (-1, 23)";"4 ( 0,  8)";"21 (-3, 45)";"6 (-1, 13)";"3 ( 0, 6)";"3 (-1,  7)";" 76 (44, 108)"
"2015-04-01";"138";"2373 ( -290, 5036)";"3 ( 0, 6)";"5 (-1, 11)";"1 ( 0, 2)";"3 ( 0, 6)";"4 ( 0,  8)";" 8 (-1, 17)";"4 ( 0,  8)";"11 (-1, 23)";"4 ( 0,  8)";"21 (-3, 45)";"6 (-1, 13)";"3 ( 0, 6)";"3 (-1,  7)";" 76 (45, 107)"
"2015-03-31";"137";"2350 ( -272, 4972)";"3 ( 0, 6)";"5 (-1, 11)";"1 ( 0, 2)";"3 ( 0, 6)";"4 ( 0,  8)";" 8 (-1, 17)";"4 ( 0,  8)";"10 (-2, 22)";"4 ( 0,  8)";"21 (-2, 44)";"6 (-1, 13)";"3 ( 0, 6)";"3 (-1,  7)";" 75 (44, 106)"
"2015-03-30";"136";"2327 ( -255, 4909)";"3 ( 0, 6)";"5 (-1, 11)";"1 ( 0, 2)";"3 ( 0, 6)";"4 ( 0,  8)";" 8 (-1, 17)";"4 ( 0,  8)";"10 (-1, 21)";"4 ( 0,  8)";"21 (-2, 44)";"6 (-1, 13)";"3 ( 0, 6)";"3 (-1,  7)";" 75 (45, 105)"
"2015-03-29";"135";"2304 ( -238, 4846)";"3 ( 0, 6)";"5 (-1, 11)";"1 ( 0, 2)";"3 ( 0, 6)";"4 ( 0,  8)";" 8 (-1, 17)";"4 ( 0,  8)";"10 (-1, 21)";"4 ( 0,  8)";"21 (-2, 44)";"6 ( 0, 12)";"3 ( 0, 6)";"3 (-1,  7)";" 75 (45, 105)"
"2015-03-28";"134";"2281 ( -222, 4784)";"3 ( 0, 6)";"5 (-1, 11)";"1 ( 0, 2)";"3 ( 0, 6)";"4 ( 0,  8)";" 8 ( 0, 16)";"4 ( 0,  8)";"10 (-1, 21)";"4 ( 0,  8)";"20 (-2, 42)";"6 ( 0, 12)";"3 ( 0, 6)";"3 (-1,  7)";" 74 (45, 103)"
"2015-03-27";"133";"2258 ( -206, 4722)";"2 (-1, 5)";"5 (-1, 11)";"1 ( 0, 2)";"3 ( 0, 6)";"4 ( 0,  8)";" 8 ( 0, 16)";"4 ( 0,  8)";"10 (-1, 21)";"4 ( 0,  8)";"20 (-2, 42)";"6 ( 0, 12)";"2 (-1, 5)";"3 ( 0,  6)";" 72 (43, 101)"
"2015-03-26";"132";"2236 ( -190, 4662)";"2 (-1, 5)";"5 ( 0, 10)";"1 ( 0, 2)";"3 ( 0, 6)";"4 ( 0,  8)";" 7 (-1, 15)";"4 ( 0,  8)";"10 (-1, 21)";"4 ( 0,  8)";"20 (-2, 42)";"6 ( 0, 12)";"2 (-1, 5)";"3 ( 0,  6)";" 71 (43,  99)"
"2015-03-25";"131";"2214 ( -175, 4603)";"2 (-1, 5)";"5 ( 0, 10)";"1 ( 0, 2)";"3 ( 0, 6)";"4 ( 0,  8)";" 7 (-1, 15)";"4 ( 0,  8)";"10 (-1, 21)";"4 ( 0,  8)";"20 (-1, 41)";"6 ( 0, 12)";"2 (-1, 5)";"3 ( 0,  6)";" 71 (43,  99)"
"2015-03-24";"130";"2192 ( -160, 4544)";"2 (-1, 5)";"5 ( 0, 10)";"1 ( 0, 2)";"3 ( 0, 6)";"4 ( 0,  8)";" 7 (-1, 15)";"4 ( 0,  8)";"10 ( 0, 20)";"4 ( 0,  8)";"20 (-1, 41)";"6 ( 0, 12)";"2 (-1, 5)";"3 ( 0,  6)";" 71 (44,  98)"
"2015-03-23";"129";"2171 ( -144, 4486)";"2 (-1, 5)";"5 ( 0, 10)";"1 ( 0, 2)";"3 ( 0, 6)";"4 ( 0,  8)";" 7 (-1, 15)";"4 ( 0,  8)";"10 ( 0, 20)";"4 ( 0,  8)";"19 (-2, 40)";"6 ( 0, 12)";"2 (-1, 5)";"3 ( 0,  6)";" 70 (43,  97)"
"2015-03-22";"128";"2149 ( -131, 4429)";"2 (-1, 5)";"5 ( 0, 10)";"1 ( 0, 2)";"3 ( 0, 6)";"4 ( 0,  8)";" 7 (-1, 15)";"4 ( 0,  8)";"10 ( 0, 20)";"4 ( 0,  8)";"19 (-1, 39)";"5 (-1, 11)";"2 (-1, 5)";"3 ( 0,  6)";" 69 (42,  96)"
"2015-03-21";"127";"2128 ( -116, 4372)";"2 ( 0, 4)";"5 ( 0, 10)";"1 ( 0, 2)";"3 ( 0, 6)";"4 ( 0,  8)";" 7 (-1, 15)";"4 ( 0,  8)";" 9 (-1, 19)";"4 ( 0,  8)";"19 (-1, 39)";"5 (-1, 11)";"2 ( 0, 4)";"3 ( 0,  6)";" 68 (42,  94)"
"2015-03-20";"126";"2108 ( -102, 4318)";"2 ( 0, 4)";"5 ( 0, 10)";"1 ( 0, 2)";"3 ( 0, 6)";"3 (-1,  7)";" 7 ( 0, 14)";"3 (-1,  7)";" 9 (-1, 19)";"3 (-1,  7)";"19 (-1, 39)";"5 (-1, 11)";"2 ( 0, 4)";"3 ( 0,  6)";" 65 (39,  91)"
"2015-03-19";"125";"2087 (  -89, 4263)";"2 ( 0, 4)";"5 ( 0, 10)";"1 ( 0, 2)";"3 ( 0, 6)";"3 (-1,  7)";" 7 ( 0, 14)";"3 (-1,  7)";" 9 (-1, 19)";"3 (-1,  7)";"19 ( 0, 38)";"5 (-1, 11)";"2 ( 0, 4)";"3 ( 0,  6)";" 65 (40,  90)"
"2015-03-18";"124";"2067 (  -75, 4209)";"2 ( 0, 4)";"5 ( 0, 10)";"1 ( 0, 2)";"3 ( 0, 6)";"3 (-1,  7)";" 7 ( 0, 14)";"3 (-1,  7)";" 9 (-1, 19)";"3 (-1,  7)";"18 (-1, 37)";"5 ( 0, 10)";"2 ( 0, 4)";"3 ( 0,  6)";" 64 (39,  89)"
"2015-03-17";"123";"2046 (  -63, 4155)";"2 ( 0, 4)";"5 ( 0, 10)";"1 ( 0, 2)";"3 ( 0, 6)";"3 ( 0,  6)";" 7 ( 0, 14)";"3 ( 0,  6)";" 9 ( 0, 18)";"3 ( 0,  6)";"18 (-1, 37)";"5 ( 0, 10)";"2 ( 0, 4)";"3 ( 0,  6)";" 64 (39,  89)"
"2015-03-16";"122";"2027 (  -49, 4103)";"2 ( 0, 4)";"5 ( 0, 10)";"1 ( 0, 2)";"3 ( 0, 6)";"3 ( 0,  6)";" 7 ( 0, 14)";"3 ( 0,  6)";" 9 ( 0, 18)";"3 ( 0,  6)";"18 ( 0, 36)";"5 ( 0, 10)";"2 ( 0, 4)";"3 ( 0,  6)";" 64 (40,  88)"
"2015-03-15";"121";"2007 (  -37, 4051)";"2 ( 0, 4)";"5 ( 0, 10)";"1 ( 0, 2)";"3 ( 0, 6)";"3 ( 0,  6)";" 7 ( 0, 14)";"3 ( 0,  6)";" 9 ( 0, 18)";"3 ( 0,  6)";"18 ( 0, 36)";"5 ( 0, 10)";"2 ( 0, 4)";"3 ( 0,  6)";" 64 (40,  88)"
"2015-03-14";"120";"1987 (  -25, 3999)";"2 ( 0, 4)";"4 (-1,  9)";"1 ( 0, 2)";"2 (-1, 5)";"3 ( 0,  6)";" 7 ( 0, 14)";"3 ( 0,  6)";" 9 ( 0, 18)";"3 ( 0,  6)";"18 ( 0, 36)";"5 ( 0, 10)";"2 ( 0, 4)";"3 ( 0,  6)";" 62 (39,  85)"
"2015-03-13";"119";"1968 (  -13, 3949)";"2 ( 0, 4)";"4 ( 0,  8)";"1 ( 0, 2)";"2 ( 0, 4)";"3 ( 0,  6)";" 7 ( 0, 14)";"3 ( 0,  6)";" 9 ( 0, 18)";"3 ( 0,  6)";"18 ( 0, 36)";"5 ( 0, 10)";"2 ( 0, 4)";"3 ( 0,  6)";" 62 (39,  85)"
"2015-03-12";"118";"1949 (   -1, 3899)";"2 ( 0, 4)";"4 ( 0,  8)";"1 ( 0, 2)";"2 ( 0, 4)";"3 ( 0,  6)";" 7 ( 0, 14)";"3 ( 0,  6)";" 9 ( 0, 18)";"3 ( 0,  6)";"17 ( 0, 34)";"5 ( 0, 10)";"2 ( 0, 4)";"3 ( 0,  6)";" 61 (38,  84)"
"2015-03-11";"117";"1930 (   10, 3850)";"2 ( 0, 4)";"4 ( 0,  8)";"1 ( 0, 2)";"2 ( 0, 4)";"3 ( 0,  6)";" 6 ( 0, 12)";"3 ( 0,  6)";" 9 ( 0, 18)";"3 ( 0,  6)";"17 ( 0, 34)";"5 ( 0, 10)";"2 ( 0, 4)";"3 ( 0,  6)";" 60 (38,  82)"
"2015-03-10";"116";"1911 (   21, 3801)";"2 ( 0, 4)";"4 ( 0,  8)";"1 ( 0, 2)";"2 ( 0, 4)";"3 ( 0,  6)";" 6 ( 0, 12)";"3 ( 0,  6)";" 9 ( 1, 17)";"3 ( 0,  6)";"17 ( 0, 34)";"5 ( 0, 10)";"2 ( 0, 4)";"3 ( 0,  6)";" 60 (38,  82)"
"2015-03-09";"115";"1893 (   33, 3753)";"2 ( 0, 4)";"4 ( 0,  8)";"1 ( 0, 2)";"2 ( 0, 4)";"3 ( 0,  6)";" 6 ( 0, 12)";"3 ( 0,  6)";" 8 ( 0, 16)";"3 ( 0,  6)";"17 ( 0, 34)";"5 ( 0, 10)";"2 ( 0, 4)";"3 ( 0,  6)";" 59 (37,  81)"
"2015-03-08";"114";"1875 (   44, 3706)";"2 ( 0, 4)";"4 ( 0,  8)";"1 ( 0, 2)";"2 ( 0, 4)";"3 ( 0,  6)";" 6 ( 0, 12)";"3 ( 0,  6)";" 8 ( 0, 16)";"3 ( 0,  6)";"17 ( 1, 33)";"5 ( 0, 10)";"2 ( 0, 4)";"3 ( 0,  6)";" 59 (38,  80)"
"2015-03-07";"113";"1857 (   54, 3660)";"2 ( 0, 4)";"4 ( 0,  8)";"1 ( 0, 2)";"2 ( 0, 4)";"3 ( 0,  6)";" 6 ( 0, 12)";"3 ( 0,  6)";" 8 ( 0, 16)";"3 ( 0,  6)";"17 ( 1, 33)";"5 ( 0, 10)";"2 ( 0, 4)";"3 ( 0,  6)";" 59 (38,  80)"
"2015-03-06";"112";"1839 (   64, 3614)";"2 ( 0, 4)";"4 ( 0,  8)";"1 ( 0, 2)";"2 ( 0, 4)";"3 ( 0,  6)";" 6 ( 0, 12)";"3 ( 0,  6)";" 8 ( 0, 16)";"3 ( 0,  6)";"16 ( 0, 32)";"5 ( 0, 10)";"2 ( 0, 4)";"3 ( 1,  5)";" 58 (37,  79)"
"2015-03-05";"111";"1821 (   74, 3568)";"2 ( 0, 4)";"4 ( 0,  8)";"1 ( 0, 2)";"2 ( 0, 4)";"3 ( 0,  6)";" 6 ( 0, 12)";"3 ( 0,  6)";" 8 ( 0, 16)";"3 ( 0,  6)";"16 ( 0, 32)";"5 ( 1,  9)";"2 ( 0, 4)";"3 ( 1,  5)";" 58 (38,  78)"
"2015-03-04";"110";"1804 (   84, 3524)";"2 ( 0, 4)";"4 ( 0,  8)";"1 ( 0, 2)";"2 ( 0, 4)";"3 ( 0,  6)";" 6 ( 0, 12)";"3 ( 0,  6)";" 8 ( 0, 16)";"3 ( 0,  6)";"16 ( 1, 31)";"5 ( 1,  9)";"2 ( 0, 4)";"3 ( 1,  5)";" 58 (38,  78)"
"2015-03-03";"109";"1786 (   93, 3479)";"2 ( 0, 4)";"4 ( 0,  8)";"1 ( 0, 2)";"2 ( 0, 4)";"3 ( 0,  6)";" 6 ( 0, 12)";"3 ( 0,  6)";" 8 ( 0, 16)";"3 ( 0,  6)";"16 ( 1, 31)";"5 ( 1,  9)";"2 ( 0, 4)";"3 ( 1,  5)";" 58 (38,  78)"
"2015-03-02";"108";"1769 (  103, 3435)";"2 ( 0, 4)";"4 ( 0,  8)";"1 ( 0, 2)";"2 ( 0, 4)";"3 ( 0,  6)";" 6 ( 0, 12)";"3 ( 0,  6)";" 8 ( 1, 15)";"3 ( 0,  6)";"16 ( 1, 31)";"5 ( 1,  9)";"2 ( 0, 4)";"2 ( 0,  4)";" 57 (38,  76)"
"2015-03-01";"107";"1752 (  112, 3392)";"2 ( 0, 4)";"4 ( 0,  8)";"1 ( 0, 2)";"2 ( 0, 4)";"3 ( 0,  6)";" 6 ( 1, 11)";"3 ( 0,  6)";" 8 ( 1, 15)";"3 ( 0,  6)";"16 ( 1, 31)";"4 ( 0,  8)";"2 ( 0, 4)";"2 ( 0,  4)";" 56 (37,  75)"
"2015-02-28";"106";"1736 (  121, 3351)";"2 ( 0, 4)";"4 ( 0,  8)";"1 ( 0, 2)";"2 ( 0, 4)";"3 ( 0,  6)";" 6 ( 1, 11)";"3 ( 0,  6)";" 8 ( 1, 15)";"3 ( 0,  6)";"15 ( 1, 29)";"4 ( 0,  8)";"2 ( 0, 4)";"2 ( 0,  4)";" 55 (36,  74)"
"2015-02-27";"105";"1719 (  130, 3308)";"2 ( 0, 4)";"4 ( 0,  8)";"1 ( 0, 2)";"2 ( 0, 4)";"3 ( 0,  6)";" 6 ( 1, 11)";"3 ( 0,  6)";" 8 ( 1, 15)";"3 ( 0,  6)";"15 ( 1, 29)";"4 ( 0,  8)";"2 ( 0, 4)";"2 ( 0,  4)";" 55 (36,  74)"
"2015-02-26";"104";"1703 (  139, 3267)";"2 ( 0, 4)";"4 ( 0,  8)";"1 ( 0, 2)";"2 ( 0, 4)";"3 ( 0,  6)";" 6 ( 1, 11)";"3 ( 0,  6)";" 8 ( 1, 15)";"3 ( 0,  6)";"15 ( 1, 29)";"4 ( 0,  8)";"2 ( 0, 4)";"2 ( 0,  4)";" 55 (37,  73)"
"2015-02-25";"103";"1686 (  146, 3226)";"2 ( 0, 4)";"4 ( 1,  7)";"1 ( 0, 2)";"2 ( 0, 4)";"3 ( 0,  6)";" 6 ( 1, 11)";"3 ( 0,  6)";" 8 ( 1, 15)";"3 ( 0,  6)";"15 ( 1, 29)";"4 ( 0,  8)";"2 ( 0, 4)";"2 ( 0,  4)";" 55 (37,  73)"
"2015-02-24";"102";"1670 (  154, 3186)";"2 ( 0, 4)";"4 ( 1,  7)";"1 ( 0, 2)";"2 ( 0, 4)";"3 ( 0,  6)";" 6 ( 1, 11)";"3 ( 0,  6)";" 7 ( 0, 14)";"3 ( 0,  6)";"15 ( 2, 28)";"4 ( 0,  8)";"2 ( 0, 4)";"2 ( 0,  4)";" 54 (36,  72)"
"2015-02-23";"101";"1655 (  163, 3147)";"2 ( 0, 4)";"4 ( 1,  7)";"1 ( 0, 2)";"2 ( 0, 4)";"3 ( 1,  5)";" 6 ( 1, 11)";"3 ( 1,  5)";" 7 ( 0, 14)";"3 ( 1,  5)";"15 ( 2, 28)";"4 ( 0,  8)";"2 ( 0, 4)";"2 ( 0,  4)";" 54 (37,  71)"
"2015-02-22";"100";"1639 (  171, 3107)";"2 ( 0, 4)";"4 ( 1,  7)";"1 ( 0, 2)";"2 ( 0, 4)";"3 ( 1,  5)";" 5 ( 0, 10)";"3 ( 1,  5)";" 7 ( 0, 14)";"3 ( 1,  5)";"15 ( 2, 28)";"4 ( 0,  8)";"2 ( 0, 4)";"2 ( 0,  4)";" 53 (36,  70)"
"2015-02-21";"99";"1623 (  178, 3068)";"2 ( 0, 4)";"4 ( 1,  7)";"1 ( 0, 2)";"2 ( 0, 4)";"3 ( 1,  5)";" 5 ( 0, 10)";"3 ( 1,  5)";" 7 ( 1, 13)";"3 ( 1,  5)";"14 ( 1, 27)";"4 ( 0,  8)";"2 ( 0, 4)";"2 ( 0,  4)";" 52 (35,  69)"
"2015-02-20";"98";"1608 (  185, 3031)";"2 ( 0, 4)";"4 ( 1,  7)";"1 ( 0, 2)";"2 ( 0, 4)";"3 ( 1,  5)";" 5 ( 0, 10)";"3 ( 1,  5)";" 7 ( 1, 13)";"3 ( 1,  5)";"14 ( 1, 27)";"4 ( 0,  8)";"2 ( 0, 4)";"2 ( 0,  4)";" 52 (35,  69)"
"2015-02-19";"97";"1593 (  193, 2993)";"2 ( 0, 4)";"4 ( 1,  7)";"1 ( 0, 2)";"2 ( 0, 4)";"3 ( 1,  5)";" 5 ( 0, 10)";"3 ( 1,  5)";" 7 ( 1, 13)";"3 ( 1,  5)";"14 ( 2, 26)";"4 ( 0,  8)";"2 ( 0, 4)";"2 ( 0,  4)";" 52 (36,  68)"
"2015-02-18";"96";"1578 (  200, 2956)";"2 ( 0, 4)";"4 ( 1,  7)";"1 ( 0, 2)";"2 ( 0, 4)";"3 ( 1,  5)";" 5 ( 0, 10)";"3 ( 1,  5)";" 7 ( 1, 13)";"3 ( 1,  5)";"14 ( 2, 26)";"4 ( 0,  8)";"2 ( 0, 4)";"2 ( 0,  4)";" 52 (36,  68)"
"2015-02-17";"95";"1563 (  207, 2919)";"2 ( 1, 3)";"4 ( 1,  7)";"1 ( 0, 2)";"2 ( 0, 4)";"3 ( 1,  5)";" 5 ( 0, 10)";"3 ( 1,  5)";" 7 ( 1, 13)";"3 ( 1,  5)";"14 ( 2, 26)";"4 ( 1,  7)";"2 ( 1, 3)";"2 ( 0,  4)";" 52 (36,  68)"
"2015-02-16";"94";"1548 (  213, 2883)";"2 ( 1, 3)";"3 ( 0,  6)";"1 ( 0, 2)";"2 ( 0, 4)";"3 ( 1,  5)";" 5 ( 1,  9)";"3 ( 1,  5)";" 7 ( 1, 13)";"3 ( 1,  5)";"14 ( 2, 26)";"4 ( 1,  7)";"2 ( 1, 3)";"2 ( 0,  4)";" 51 (35,  67)"
"2015-02-15";"93";"1534 (  220, 2848)";"2 ( 1, 3)";"3 ( 0,  6)";"1 ( 0, 2)";"2 ( 0, 4)";"3 ( 1,  5)";" 5 ( 1,  9)";"3 ( 1,  5)";" 7 ( 1, 13)";"3 ( 1,  5)";"14 ( 2, 26)";"4 ( 1,  7)";"2 ( 1, 3)";"2 ( 0,  4)";" 51 (36,  66)"
"2015-02-14";"92";"1519 (  226, 2812)";"2 ( 1, 3)";"3 ( 0,  6)";"1 ( 0, 2)";"2 ( 0, 4)";"3 ( 1,  5)";" 5 ( 1,  9)";"3 ( 1,  5)";" 7 ( 1, 13)";"3 ( 1,  5)";"14 ( 2, 26)";"4 ( 1,  7)";"2 ( 1, 3)";"2 ( 0,  4)";" 51 (36,  66)"
"2015-02-13";"91";"1505 (  233, 2777)";"2 ( 1, 3)";"3 ( 0,  6)";"1 ( 0, 2)";"2 ( 0, 4)";"2 ( 0,  4)";" 5 ( 1,  9)";"2 ( 0,  4)";" 7 ( 1, 13)";"2 ( 0,  4)";"13 ( 2, 24)";"4 ( 1,  7)";"2 ( 1, 3)";"2 ( 0,  4)";" 47 (32,  62)"
"2015-02-12";"90";"1491 (  239, 2743)";"2 ( 1, 3)";"3 ( 0,  6)";"1 ( 0, 2)";"2 ( 0, 4)";"2 ( 0,  4)";" 5 ( 1,  9)";"2 ( 0,  4)";" 7 ( 1, 13)";"2 ( 0,  4)";"13 ( 2, 24)";"4 ( 1,  7)";"2 ( 1, 3)";"2 ( 0,  4)";" 47 (32,  62)"
"2015-02-11";"89";"1477 (  245, 2709)";"2 ( 1, 3)";"3 ( 0,  6)";"1 ( 0, 2)";"2 ( 0, 4)";"2 ( 0,  4)";" 5 ( 1,  9)";"2 ( 0,  4)";" 7 ( 2, 12)";"2 ( 0,  4)";"13 ( 2, 24)";"4 ( 1,  7)";"2 ( 1, 3)";"2 ( 0,  4)";" 47 (33,  61)"
"2015-02-10";"88";"1464 (  251, 2677)";"2 ( 1, 3)";"3 ( 0,  6)";"1 ( 0, 2)";"2 ( 0, 4)";"2 ( 0,  4)";" 5 ( 1,  9)";"2 ( 0,  4)";" 7 ( 2, 12)";"2 ( 0,  4)";"13 ( 2, 24)";"4 ( 1,  7)";"2 ( 1, 3)";"2 ( 0,  4)";" 47 (33,  61)"
"2015-02-09";"87";"1450 (  257, 2643)";"2 ( 1, 3)";"3 ( 0,  6)";"1 ( 0, 2)";"2 ( 1, 3)";"2 ( 0,  4)";" 5 ( 1,  9)";"2 ( 0,  4)";" 6 ( 1, 11)";"2 ( 0,  4)";"13 ( 2, 24)";"4 ( 1,  7)";"2 ( 1, 3)";"2 ( 0,  4)";" 46 (32,  60)"
"2015-02-08";"86";"1436 (  262, 2610)";"2 ( 1, 3)";"3 ( 0,  6)";"1 ( 0, 2)";"2 ( 1, 3)";"2 ( 0,  4)";" 5 ( 1,  9)";"2 ( 0,  4)";" 6 ( 1, 11)";"2 ( 0,  4)";"13 ( 3, 23)";"4 ( 1,  7)";"2 ( 1, 3)";"2 ( 0,  4)";" 46 (32,  60)"
"2015-02-07";"85";"1423 (  268, 2578)";"2 ( 1, 3)";"3 ( 0,  6)";"1 ( 0, 2)";"2 ( 1, 3)";"2 ( 0,  4)";" 5 ( 1,  9)";"2 ( 0,  4)";" 6 ( 1, 11)";"2 ( 0,  4)";"13 ( 3, 23)";"4 ( 1,  7)";"2 ( 1, 3)";"2 ( 0,  4)";" 46 (33,  59)"
"2015-02-06";"84";"1410 (  273, 2547)";"2 ( 1, 3)";"3 ( 0,  6)";"1 ( 0, 2)";"2 ( 1, 3)";"2 ( 0,  4)";" 5 ( 1,  9)";"2 ( 0,  4)";" 6 ( 1, 11)";"2 ( 0,  4)";"13 ( 3, 23)";"4 ( 1,  7)";"2 ( 1, 3)";"2 ( 0,  4)";" 46 (33,  59)"
"2015-02-05";"83";"1397 (  278, 2516)";"2 ( 1, 3)";"3 ( 0,  6)";"1 ( 0, 2)";"2 ( 1, 3)";"2 ( 0,  4)";" 5 ( 1,  9)";"2 ( 0,  4)";" 6 ( 1, 11)";"2 ( 0,  4)";"12 ( 2, 22)";"4 ( 1,  7)";"2 ( 1, 3)";"2 ( 0,  4)";" 45 (32,  58)"
"2015-02-04";"82";"1384 (  283, 2485)";"2 ( 1, 3)";"3 ( 1,  5)";"1 ( 0, 2)";"2 ( 1, 3)";"2 ( 0,  4)";" 5 ( 1,  9)";"2 ( 0,  4)";" 6 ( 1, 11)";"2 ( 0,  4)";"12 ( 2, 22)";"4 ( 1,  7)";"2 ( 1, 3)";"2 ( 0,  4)";" 45 (32,  58)"
"2015-02-03";"81";"1371 (  288, 2454)";"2 ( 1, 3)";"3 ( 1,  5)";"1 ( 0, 2)";"2 ( 1, 3)";"2 ( 0,  4)";" 5 ( 1,  9)";"2 ( 0,  4)";" 6 ( 1, 11)";"2 ( 0,  4)";"12 ( 2, 22)";"3 ( 0,  6)";"2 ( 1, 3)";"2 ( 0,  4)";" 44 (31,  57)"
"2015-02-02";"80";"1359 (  293, 2425)";"1 ( 0, 2)";"3 ( 1,  5)";"1 ( 0, 2)";"2 ( 1, 3)";"2 ( 0,  4)";" 5 ( 1,  9)";"2 ( 0,  4)";" 6 ( 1, 11)";"2 ( 0,  4)";"12 ( 3, 21)";"3 ( 0,  6)";"1 ( 0, 2)";"2 ( 1,  3)";" 42 (30,  54)"
"2015-02-01";"79";"1346 (  297, 2395)";"1 ( 0, 2)";"3 ( 1,  5)";"1 ( 0, 2)";"2 ( 1, 3)";"2 ( 0,  4)";" 5 ( 1,  9)";"2 ( 0,  4)";" 6 ( 1, 11)";"2 ( 0,  4)";"12 ( 3, 21)";"3 ( 0,  6)";"1 ( 0, 2)";"2 ( 1,  3)";" 42 (30,  54)"
"2015-01-31";"78";"1334 (  302, 2366)";"1 ( 0, 2)";"3 ( 1,  5)";"1 ( 0, 2)";"2 ( 1, 3)";"2 ( 0,  4)";" 4 ( 1,  7)";"2 ( 0,  4)";" 6 ( 1, 11)";"2 ( 0,  4)";"12 ( 3, 21)";"3 ( 0,  6)";"1 ( 0, 2)";"2 ( 1,  3)";" 41 (29,  53)"
"2015-01-30";"77";"1321 (  306, 2336)";"1 ( 0, 2)";"3 ( 1,  5)";"1 ( 0, 2)";"2 ( 1, 3)";"2 ( 0,  4)";" 4 ( 1,  7)";"2 ( 0,  4)";" 6 ( 1, 11)";"2 ( 0,  4)";"12 ( 3, 21)";"3 ( 0,  6)";"1 ( 0, 2)";"2 ( 1,  3)";" 41 (29,  53)"
"2015-01-29";"76";"1309 (  310, 2308)";"1 ( 0, 2)";"3 ( 1,  5)";"1 ( 0, 2)";"2 ( 1, 3)";"2 ( 0,  4)";" 4 ( 1,  7)";"2 ( 0,  4)";" 6 ( 2, 10)";"2 ( 0,  4)";"12 ( 3, 21)";"3 ( 0,  6)";"1 ( 0, 2)";"2 ( 1,  3)";" 41 (29,  53)"
"2015-01-28";"75";"1297 (  314, 2280)";"1 ( 0, 2)";"3 ( 1,  5)";"1 ( 0, 2)";"2 ( 1, 3)";"2 ( 0,  4)";" 4 ( 1,  7)";"2 ( 0,  4)";" 6 ( 2, 10)";"2 ( 0,  4)";"12 ( 3, 21)";"3 ( 0,  6)";"1 ( 0, 2)";"2 ( 1,  3)";" 41 (30,  52)"
"2015-01-27";"74";"1285 (  318, 2252)";"1 ( 0, 2)";"3 ( 1,  5)";"1 ( 0, 2)";"2 ( 1, 3)";"2 ( 0,  4)";" 4 ( 1,  7)";"2 ( 0,  4)";" 6 ( 2, 10)";"2 ( 0,  4)";"11 ( 2, 20)";"3 ( 1,  5)";"1 ( 0, 2)";"2 ( 1,  3)";" 40 (29,  51)"
"2015-01-26";"73";"1274 (  323, 2225)";"1 ( 0, 2)";"3 ( 1,  5)";"1 ( 0, 2)";"2 ( 1, 3)";"2 ( 0,  4)";" 4 ( 1,  7)";"2 ( 0,  4)";" 6 ( 2, 10)";"2 ( 0,  4)";"11 ( 3, 19)";"3 ( 1,  5)";"1 ( 0, 2)";"2 ( 1,  3)";" 40 (29,  51)"
"2015-01-25";"72";"1262 (  326, 2198)";"1 ( 0, 2)";"3 ( 1,  5)";"1 ( 0, 2)";"2 ( 1, 3)";"2 ( 0,  4)";" 4 ( 1,  7)";"2 ( 0,  4)";" 6 ( 2, 10)";"2 ( 0,  4)";"11 ( 3, 19)";"3 ( 1,  5)";"1 ( 0, 2)";"2 ( 1,  3)";" 40 (29,  51)"
"2015-01-24";"71";"1251 (  330, 2172)";"1 ( 0, 2)";"3 ( 1,  5)";"1 ( 0, 2)";"2 ( 1, 3)";"2 ( 0,  4)";" 4 ( 1,  7)";"2 ( 0,  4)";" 6 ( 2, 10)";"2 ( 0,  4)";"11 ( 3, 19)";"3 ( 1,  5)";"1 ( 0, 2)";"2 ( 1,  3)";" 40 (29,  51)"
"2015-01-23";"70";"1239 (  333, 2145)";"1 ( 0, 2)";"3 ( 1,  5)";"1 ( 1, 1)";"2 ( 1, 3)";"2 ( 1,  3)";" 4 ( 1,  7)";"2 ( 1,  3)";" 6 ( 2, 10)";"2 ( 1,  3)";"11 ( 3, 19)";"3 ( 1,  5)";"1 ( 0, 2)";"2 ( 1,  3)";" 40 (29,  51)"
"2015-01-22";"69";"1228 (  337, 2119)";"1 ( 0, 2)";"3 ( 1,  5)";"1 ( 1, 1)";"2 ( 1, 3)";"2 ( 1,  3)";" 4 ( 1,  7)";"2 ( 1,  3)";" 5 ( 1,  9)";"2 ( 1,  3)";"11 ( 3, 19)";"3 ( 1,  5)";"1 ( 0, 2)";"2 ( 1,  3)";" 39 (29,  49)"
"2015-01-21";"68";"1217 (  341, 2093)";"1 ( 0, 2)";"3 ( 1,  5)";"1 ( 1, 1)";"2 ( 1, 3)";"2 ( 1,  3)";" 4 ( 1,  7)";"2 ( 1,  3)";" 5 ( 1,  9)";"2 ( 1,  3)";"11 ( 3, 19)";"3 ( 1,  5)";"1 ( 0, 2)";"2 ( 1,  3)";" 39 (29,  49)"
"2015-01-20";"67";"1206 (  344, 2068)";"1 ( 0, 2)";"3 ( 1,  5)";"1 ( 1, 1)";"2 ( 1, 3)";"2 ( 1,  3)";" 4 ( 1,  7)";"2 ( 1,  3)";" 5 ( 1,  9)";"2 ( 1,  3)";"11 ( 3, 19)";"3 ( 1,  5)";"1 ( 0, 2)";"2 ( 1,  3)";" 39 (29,  49)"
"2015-01-19";"66";"1195 (  347, 2043)";"1 ( 0, 2)";"3 ( 1,  5)";"1 ( 1, 1)";"1 ( 0, 2)";"2 ( 1,  3)";" 4 ( 1,  7)";"2 ( 1,  3)";" 5 ( 1,  9)";"2 ( 1,  3)";"11 ( 3, 19)";"3 ( 1,  5)";"1 ( 0, 2)";"2 ( 1,  3)";" 38 (28,  48)"
"2015-01-18";"65";"1184 (  350, 2018)";"1 ( 0, 2)";"3 ( 1,  5)";"1 ( 1, 1)";"1 ( 0, 2)";"2 ( 1,  3)";" 4 ( 1,  7)";"2 ( 1,  3)";" 5 ( 1,  9)";"2 ( 1,  3)";"11 ( 4, 18)";"3 ( 1,  5)";"1 ( 0, 2)";"2 ( 1,  3)";" 38 (28,  48)"
"2015-01-17";"64";"1174 (  354, 1994)";"1 ( 0, 2)";"3 ( 1,  5)";"1 ( 1, 1)";"1 ( 0, 2)";"2 ( 1,  3)";" 4 ( 1,  7)";"2 ( 1,  3)";" 5 ( 1,  9)";"2 ( 1,  3)";"10 ( 3, 17)";"3 ( 1,  5)";"1 ( 0, 2)";"2 ( 1,  3)";" 37 (27,  47)"
"2015-01-16";"63";"1163 (  356, 1970)";"1 ( 0, 2)";"3 ( 1,  5)";"1 ( 1, 1)";"1 ( 0, 2)";"2 ( 1,  3)";" 4 ( 1,  7)";"2 ( 1,  3)";" 5 ( 1,  9)";"2 ( 1,  3)";"10 ( 3, 17)";"3 ( 1,  5)";"1 ( 0, 2)";"2 ( 1,  3)";" 37 (28,  46)"
"2015-01-15";"62";"1153 (  360, 1946)";"1 ( 0, 2)";"3 ( 1,  5)";"1 ( 1, 1)";"1 ( 0, 2)";"2 ( 1,  3)";" 4 ( 1,  7)";"2 ( 1,  3)";" 5 ( 1,  9)";"2 ( 1,  3)";"10 ( 3, 17)";"3 ( 1,  5)";"1 ( 0, 2)";"2 ( 1,  3)";" 37 (28,  46)"
"2015-01-14";"61";"1142 (  362, 1922)";"1 ( 0, 2)";"3 ( 1,  5)";"1 ( 1, 1)";"1 ( 0, 2)";"2 ( 1,  3)";" 4 ( 1,  7)";"2 ( 1,  3)";" 5 ( 2,  8)";"2 ( 1,  3)";"10 ( 3, 17)";"3 ( 1,  5)";"1 ( 0, 2)";"2 ( 1,  3)";" 37 (28,  46)"
"2015-01-13";"60";"1132 (  365, 1899)";"1 ( 0, 2)";"3 ( 1,  5)";"1 ( 1, 1)";"1 ( 0, 2)";"2 ( 1,  3)";" 4 ( 1,  7)";"2 ( 1,  3)";" 5 ( 2,  8)";"2 ( 1,  3)";"10 ( 3, 17)";"3 ( 1,  5)";"1 ( 0, 2)";"2 ( 1,  3)";" 37 (28,  46)"
"2015-01-12";"59";"1122 (  367, 1877)";"1 ( 0, 2)";"3 ( 1,  5)";"1 ( 1, 1)";"1 ( 0, 2)";"2 ( 1,  3)";" 4 ( 1,  7)";"2 ( 1,  3)";" 5 ( 2,  8)";"2 ( 1,  3)";"10 ( 3, 17)";"3 ( 1,  5)";"1 ( 0, 2)";"2 ( 1,  3)";" 37 (28,  46)"
"2015-01-11";"58";"1112 (  370, 1854)";"1 ( 0, 2)";"3 ( 1,  5)";"1 ( 1, 1)";"1 ( 0, 2)";"2 ( 1,  3)";" 4 ( 2,  6)";"2 ( 1,  3)";" 5 ( 2,  8)";"2 ( 1,  3)";"10 ( 3, 17)";"3 ( 1,  5)";"1 ( 0, 2)";"2 ( 1,  3)";" 37 (28,  46)"
"2015-01-10";"57";"1102 (  372, 1832)";"1 ( 0, 2)";"2 ( 0,  4)";"1 ( 1, 1)";"1 ( 0, 2)";"2 ( 1,  3)";" 4 ( 2,  6)";"2 ( 1,  3)";" 5 ( 2,  8)";"2 ( 1,  3)";"10 ( 4, 16)";"3 ( 1,  5)";"1 ( 0, 2)";"2 ( 1,  3)";" 36 (27,  45)"
"2015-01-09";"56";"1092 (  374, 1810)";"1 ( 0, 2)";"2 ( 0,  4)";"1 ( 1, 1)";"1 ( 0, 2)";"2 ( 1,  3)";" 4 ( 2,  6)";"2 ( 1,  3)";" 5 ( 2,  8)";"2 ( 1,  3)";"10 ( 4, 16)";"3 ( 1,  5)";"1 ( 0, 2)";"2 ( 1,  3)";" 36 (28,  44)"
"2015-01-08";"55";"1083 (  377, 1789)";"1 ( 0, 2)";"2 ( 0,  4)";"1 ( 1, 1)";"1 ( 0, 2)";"2 ( 1,  3)";" 4 ( 2,  6)";"2 ( 1,  3)";" 5 ( 2,  8)";"2 ( 1,  3)";"10 ( 4, 16)";"3 ( 1,  5)";"1 ( 0, 2)";"2 ( 1,  3)";" 36 (28,  44)"
"2015-01-07";"54";"1073 (  379, 1767)";"1 ( 0, 2)";"2 ( 0,  4)";"1 ( 1, 1)";"1 ( 0, 2)";"2 ( 1,  3)";" 4 ( 2,  6)";"2 ( 1,  3)";" 5 ( 2,  8)";"2 ( 1,  3)";"10 ( 4, 16)";"3 ( 1,  5)";"1 ( 0, 2)";"2 ( 1,  3)";" 36 (28,  44)"
"2015-01-06";"53";"1063 (  381, 1745)";"1 ( 0, 2)";"2 ( 0,  4)";"1 ( 1, 1)";"1 ( 0, 2)";"2 ( 1,  3)";" 4 ( 2,  6)";"2 ( 1,  3)";" 5 ( 2,  8)";"2 ( 1,  3)";" 9 ( 3, 15)";"3 ( 1,  5)";"1 ( 0, 2)";"1 ( 0,  2)";" 34 (26,  42)"
"2015-01-05";"52";"1054 (  383, 1725)";"1 ( 0, 2)";"2 ( 0,  4)";"1 ( 1, 1)";"1 ( 0, 2)";"2 ( 1,  3)";" 4 ( 2,  6)";"2 ( 1,  3)";" 5 ( 2,  8)";"2 ( 1,  3)";" 9 ( 3, 15)";"3 ( 1,  5)";"1 ( 0, 2)";"1 ( 0,  2)";" 34 (26,  42)"
"2015-01-04";"51";"1045 (  386, 1704)";"1 ( 0, 2)";"2 ( 1,  3)";"1 ( 1, 1)";"1 ( 0, 2)";"2 ( 1,  3)";" 4 ( 2,  6)";"2 ( 1,  3)";" 5 ( 2,  8)";"2 ( 1,  3)";" 9 ( 3, 15)";"3 ( 1,  5)";"1 ( 0, 2)";"1 ( 0,  2)";" 34 (26,  42)"
"2015-01-03";"50";"1036 (  388, 1684)";"1 ( 0, 2)";"2 ( 1,  3)";"1 ( 1, 1)";"1 ( 0, 2)";"2 ( 1,  3)";" 3 ( 1,  5)";"2 ( 1,  3)";" 5 ( 2,  8)";"2 ( 1,  3)";" 9 ( 3, 15)";"3 ( 1,  5)";"1 ( 0, 2)";"1 ( 0,  2)";" 33 (25,  41)"
"2015-01-02";"49";"1026 (  389, 1663)";"1 ( 0, 2)";"2 ( 1,  3)";"1 ( 1, 1)";"1 ( 0, 2)";"2 ( 1,  3)";" 3 ( 1,  5)";"2 ( 1,  3)";" 5 ( 2,  8)";"2 ( 1,  3)";" 9 ( 3, 15)";"3 ( 1,  5)";"1 ( 0, 2)";"1 ( 0,  2)";" 33 (26,  40)"
"2015-01-01";"48";"1017 (  390, 1644)";"1 ( 0, 2)";"2 ( 1,  3)";"1 ( 1, 1)";"1 ( 0, 2)";"2 ( 1,  3)";" 3 ( 1,  5)";"2 ( 1,  3)";" 5 ( 2,  8)";"2 ( 1,  3)";" 9 ( 3, 15)";"3 ( 1,  5)";"1 ( 0, 2)";"1 ( 0,  2)";" 33 (26,  40)"
"2014-12-31";"47";"1009 (  393, 1625)";"1 ( 0, 2)";"2 ( 1,  3)";"1 ( 1, 1)";"1 ( 0, 2)";"2 ( 1,  3)";" 3 ( 1,  5)";"2 ( 1,  3)";" 4 ( 1,  7)";"2 ( 1,  3)";" 9 ( 4, 14)";"3 ( 1,  5)";"1 ( 0, 2)";"1 ( 0,  2)";" 32 (25,  39)"
"2014-12-30";"46";"1000 (  395, 1605)";"1 ( 0, 2)";"2 ( 1,  3)";"1 ( 1, 1)";"1 ( 0, 2)";"2 ( 1,  3)";" 3 ( 1,  5)";"2 ( 1,  3)";" 4 ( 1,  7)";"2 ( 1,  3)";" 9 ( 4, 14)";"3 ( 1,  5)";"1 ( 0, 2)";"1 ( 0,  2)";" 32 (25,  39)"
"2014-12-29";"45";" 991 (  396, 1586)";"1 ( 0, 2)";"2 ( 1,  3)";"1 ( 1, 1)";"1 ( 0, 2)";"2 ( 1,  3)";" 3 ( 1,  5)";"2 ( 1,  3)";" 4 ( 1,  7)";"2 ( 1,  3)";" 9 ( 4, 14)";"3 ( 1,  5)";"1 ( 0, 2)";"1 ( 0,  2)";" 32 (25,  39)"
"2014-12-28";"44";" 982 (  397, 1567)";"1 ( 0, 2)";"2 ( 1,  3)";"1 ( 1, 1)";"1 ( 0, 2)";"2 ( 1,  3)";" 3 ( 1,  5)";"2 ( 1,  3)";" 4 ( 1,  7)";"2 ( 1,  3)";" 9 ( 4, 14)";"3 ( 2,  4)";"1 ( 0, 2)";"1 ( 0,  2)";" 32 (25,  39)"
"2014-12-27";"43";" 974 (  399, 1549)";"1 ( 0, 2)";"2 ( 1,  3)";"1 ( 1, 1)";"1 ( 0, 2)";"2 ( 1,  3)";" 3 ( 1,  5)";"2 ( 1,  3)";" 4 ( 1,  7)";"2 ( 1,  3)";" 9 ( 4, 14)";"2 ( 1,  3)";"1 ( 0, 2)";"1 ( 0,  2)";" 31 (24,  38)"
"2014-12-26";"42";" 965 (  400, 1530)";"1 ( 0, 2)";"2 ( 1,  3)";"1 ( 1, 1)";"1 ( 0, 2)";"2 ( 1,  3)";" 3 ( 1,  5)";"2 ( 1,  3)";" 4 ( 1,  7)";"2 ( 1,  3)";" 9 ( 4, 14)";"2 ( 1,  3)";"1 ( 0, 2)";"1 ( 0,  2)";" 31 (24,  38)"
"2014-12-25";"41";" 957 (  402, 1512)";"1 ( 0, 2)";"2 ( 1,  3)";"1 ( 1, 1)";"1 ( 0, 2)";"2 ( 1,  3)";" 3 ( 1,  5)";"2 ( 1,  3)";" 4 ( 2,  6)";"2 ( 1,  3)";" 9 ( 4, 14)";"2 ( 1,  3)";"1 ( 0, 2)";"1 ( 0,  2)";" 31 (25,  37)"
"2014-12-24";"40";" 949 (  403, 1495)";"1 ( 0, 2)";"2 ( 1,  3)";"1 ( 1, 1)";"1 ( 0, 2)";"2 ( 1,  3)";" 3 ( 1,  5)";"2 ( 1,  3)";" 4 ( 2,  6)";"2 ( 1,  3)";" 8 ( 3, 13)";"2 ( 1,  3)";"1 ( 0, 2)";"1 ( 0,  2)";" 30 (24,  36)"
"2014-12-23";"39";" 940 (  404, 1476)";"1 ( 0, 2)";"2 ( 1,  3)";"1 ( 1, 1)";"1 ( 0, 2)";"2 ( 1,  3)";" 3 ( 1,  5)";"2 ( 1,  3)";" 4 ( 2,  6)";"2 ( 1,  3)";" 8 ( 3, 13)";"2 ( 1,  3)";"1 ( 0, 2)";"1 ( 0,  2)";" 30 (24,  36)"
"2014-12-22";"38";" 932 (  405, 1459)";"1 ( 0, 2)";"2 ( 1,  3)";"1 ( 1, 1)";"1 ( 0, 2)";"2 ( 1,  3)";" 3 ( 1,  5)";"2 ( 1,  3)";" 4 ( 2,  6)";"2 ( 1,  3)";" 8 ( 3, 13)";"2 ( 1,  3)";"1 ( 0, 2)";"1 ( 0,  2)";" 30 (24,  36)"
"2014-12-21";"37";" 924 (  406, 1442)";"1 ( 0, 2)";"2 ( 1,  3)";"1 ( 1, 1)";"1 ( 0, 2)";"2 ( 1,  3)";" 3 ( 1,  5)";"2 ( 1,  3)";" 4 ( 2,  6)";"2 ( 1,  3)";" 8 ( 3, 13)";"2 ( 1,  3)";"1 ( 0, 2)";"1 ( 0,  2)";" 30 (24,  36)"
"2014-12-20";"36";" 916 (  407, 1425)";"1 ( 0, 2)";"2 ( 1,  3)";"1 ( 1, 1)";"1 ( 0, 2)";"2 ( 1,  3)";" 3 ( 1,  5)";"2 ( 1,  3)";" 4 ( 2,  6)";"2 ( 1,  3)";" 8 ( 3, 13)";"2 ( 1,  3)";"1 ( 0, 2)";"1 ( 0,  2)";" 30 (24,  36)"
"2014-12-19";"35";" 908 (  408, 1408)";"1 ( 0, 2)";"2 ( 1,  3)";"0 ( 0, 0)";"1 ( 0, 2)";"1 ( 0,  2)";" 3 ( 1,  5)";"1 ( 0,  2)";" 4 ( 2,  6)";"1 ( 0,  2)";" 8 ( 4, 12)";"2 ( 1,  3)";"1 ( 0, 2)";"1 ( 0,  2)";" 26 (20,  32)"
"2014-12-18";"34";" 901 (  410, 1392)";"1 ( 0, 2)";"2 ( 1,  3)";"0 ( 0, 0)";"1 ( 0, 2)";"1 ( 0,  2)";" 3 ( 1,  5)";"1 ( 0,  2)";" 4 ( 2,  6)";"1 ( 0,  2)";" 8 ( 4, 12)";"2 ( 1,  3)";"1 ( 0, 2)";"1 ( 0,  2)";" 26 (20,  32)"
"2014-12-17";"33";" 893 (  411, 1375)";"1 ( 0, 2)";"2 ( 1,  3)";"0 ( 0, 0)";"1 ( 0, 2)";"1 ( 0,  2)";" 3 ( 1,  5)";"1 ( 0,  2)";" 4 ( 2,  6)";"1 ( 0,  2)";" 8 ( 4, 12)";"2 ( 1,  3)";"1 ( 0, 2)";"1 ( 0,  2)";" 26 (20,  32)"
"2014-12-16";"32";" 885 (  411, 1359)";"1 ( 0, 2)";"2 ( 1,  3)";"0 ( 0, 0)";"1 ( 0, 2)";"1 ( 0,  2)";" 3 ( 1,  5)";"1 ( 0,  2)";" 4 ( 2,  6)";"1 ( 0,  2)";" 8 ( 4, 12)";"2 ( 1,  3)";"1 ( 0, 2)";"1 ( 0,  2)";" 26 (20,  32)"
"2014-12-15";"31";" 878 (  413, 1343)";"1 ( 0, 2)";"2 ( 1,  3)";"0 ( 0, 0)";"1 ( 0, 2)";"1 ( 0,  2)";" 3 ( 1,  5)";"1 ( 0,  2)";" 4 ( 2,  6)";"1 ( 0,  2)";" 8 ( 4, 12)";"2 ( 1,  3)";"1 ( 0, 2)";"1 ( 0,  2)";" 26 (21,  31)"
"2014-12-14";"30";" 870 (  413, 1327)";"1 ( 0, 2)";"2 ( 1,  3)";"0 ( 0, 0)";"1 ( 0, 2)";"1 ( 0,  2)";" 3 ( 1,  5)";"1 ( 0,  2)";" 4 ( 2,  6)";"1 ( 0,  2)";" 8 ( 4, 12)";"2 ( 1,  3)";"1 ( 0, 2)";"1 ( 0,  2)";" 26 (21,  31)"
"2014-12-13";"29";" 863 (  414, 1312)";"1 ( 1, 1)";"2 ( 1,  3)";"0 ( 0, 0)";"1 ( 0, 2)";"1 ( 0,  2)";" 3 ( 1,  5)";"1 ( 0,  2)";" 4 ( 2,  6)";"1 ( 0,  2)";" 8 ( 4, 12)";"2 ( 1,  3)";"1 ( 1, 1)";"1 ( 0,  2)";" 26 (21,  31)"
"2014-12-12";"28";" 855 (  414, 1296)";"1 ( 1, 1)";"2 ( 1,  3)";"0 ( 0, 0)";"1 ( 0, 2)";"1 ( 0,  2)";" 3 ( 2,  4)";"1 ( 0,  2)";" 4 ( 2,  6)";"1 ( 0,  2)";" 8 ( 4, 12)";"2 ( 1,  3)";"1 ( 1, 1)";"1 ( 0,  2)";" 26 (21,  31)"
"2014-12-11";"27";" 848 (  415, 1281)";"1 ( 1, 1)";"2 ( 1,  3)";"0 ( 0, 0)";"1 ( 0, 2)";"1 ( 0,  2)";" 3 ( 2,  4)";"1 ( 0,  2)";" 4 ( 2,  6)";"1 ( 0,  2)";" 8 ( 4, 12)";"2 ( 1,  3)";"1 ( 1, 1)";"1 ( 0,  2)";" 26 (21,  31)"
"2014-12-10";"26";" 841 (  416, 1266)";"1 ( 1, 1)";"2 ( 1,  3)";"0 ( 0, 0)";"1 ( 0, 2)";"1 ( 0,  2)";" 3 ( 2,  4)";"1 ( 0,  2)";" 4 ( 2,  6)";"1 ( 0,  2)";" 7 ( 3, 11)";"2 ( 1,  3)";"1 ( 1, 1)";"1 ( 0,  2)";" 25 (20,  30)"
"2014-12-09";"25";" 834 (  417, 1251)";"1 ( 1, 1)";"2 ( 1,  3)";"0 ( 0, 0)";"1 ( 0, 2)";"1 ( 0,  2)";" 3 ( 2,  4)";"1 ( 0,  2)";" 4 ( 2,  6)";"1 ( 0,  2)";" 7 ( 3, 11)";"2 ( 1,  3)";"1 ( 1, 1)";"1 ( 0,  2)";" 25 (20,  30)"
"2014-12-08";"24";" 827 (  417, 1237)";"1 ( 1, 1)";"2 ( 1,  3)";"0 ( 0, 0)";"1 ( 0, 2)";"1 ( 0,  2)";" 3 ( 2,  4)";"1 ( 0,  2)";" 4 ( 2,  6)";"1 ( 0,  2)";" 7 ( 3, 11)";"2 ( 1,  3)";"1 ( 1, 1)";"1 ( 0,  2)";" 25 (20,  30)"
"2014-12-07";"23";" 820 (  418, 1222)";"1 ( 1, 1)";"2 ( 1,  3)";"0 ( 0, 0)";"1 ( 0, 2)";"1 ( 0,  2)";" 3 ( 2,  4)";"1 ( 0,  2)";" 4 ( 2,  6)";"1 ( 0,  2)";" 7 ( 3, 11)";"2 ( 1,  3)";"1 ( 1, 1)";"1 ( 0,  2)";" 25 (20,  30)"
"2014-12-06";"22";" 813 (  418, 1208)";"1 ( 1, 1)";"2 ( 1,  3)";"0 ( 0, 0)";"1 ( 1, 1)";"1 ( 0,  2)";" 3 ( 2,  4)";"1 ( 0,  2)";" 4 ( 2,  6)";"1 ( 0,  2)";" 7 ( 3, 11)";"2 ( 1,  3)";"1 ( 1, 1)";"1 ( 0,  2)";" 25 (20,  30)"
"2014-12-05";"21";" 806 (  419, 1193)";"1 ( 1, 1)";"2 ( 1,  3)";"0 ( 0, 0)";"1 ( 1, 1)";"1 ( 0,  2)";" 3 ( 2,  4)";"1 ( 0,  2)";" 4 ( 2,  6)";"1 ( 0,  2)";" 7 ( 4, 10)";"2 ( 1,  3)";"1 ( 1, 1)";"1 ( 0,  2)";" 25 (20,  30)"
"2014-12-04";"20";" 799 (  419, 1179)";"1 ( 1, 1)";"2 ( 1,  3)";"0 ( 0, 0)";"1 ( 1, 1)";"1 ( 0,  2)";" 3 ( 2,  4)";"1 ( 0,  2)";" 4 ( 2,  6)";"1 ( 0,  2)";" 7 ( 4, 10)";"2 ( 1,  3)";"1 ( 1, 1)";"1 ( 0,  2)";" 25 (21,  29)"
"2014-12-03";"19";" 793 (  420, 1166)";"1 ( 1, 1)";"2 ( 1,  3)";"0 ( 0, 0)";"1 ( 1, 1)";"1 ( 0,  2)";" 3 ( 2,  4)";"1 ( 0,  2)";" 4 ( 2,  6)";"1 ( 0,  2)";" 7 ( 4, 10)";"2 ( 1,  3)";"1 ( 1, 1)";"1 ( 0,  2)";" 25 (21,  29)"
"2014-12-02";"18";" 786 (  420, 1152)";"1 ( 1, 1)";"2 ( 1,  3)";"0 ( 0, 0)";"1 ( 1, 1)";"1 ( 0,  2)";" 3 ( 2,  4)";"1 ( 0,  2)";" 3 ( 1,  5)";"1 ( 0,  2)";" 7 ( 4, 10)";"2 ( 1,  3)";"1 ( 1, 1)";"1 ( 0,  2)";" 24 (20,  28)"
"2014-12-01";"17";" 780 (  421, 1139)";"1 ( 1, 1)";"2 ( 1,  3)";"0 ( 0, 0)";"1 ( 1, 1)";"1 ( 0,  2)";" 3 ( 2,  4)";"1 ( 0,  2)";" 3 ( 1,  5)";"1 ( 0,  2)";" 7 ( 4, 10)";"2 ( 1,  3)";"1 ( 1, 1)";"1 ( 0,  2)";" 24 (20,  28)"
"2014-11-30";"16";" 773 (  420, 1126)";"1 ( 1, 1)";"2 ( 1,  3)";"0 ( 0, 0)";"1 ( 1, 1)";"1 ( 0,  2)";" 3 ( 2,  4)";"1 ( 0,  2)";" 3 ( 1,  5)";"1 ( 0,  2)";" 7 ( 4, 10)";"2 ( 1,  3)";"1 ( 1, 1)";"1 ( 1,  1)";" 24 (20,  28)"
"2014-11-29";"15";" 767 (  421, 1113)";"1 ( 1, 1)";"2 ( 1,  3)";"0 ( 0, 0)";"1 ( 1, 1)";"1 ( 0,  2)";" 3 ( 2,  4)";"1 ( 0,  2)";" 3 ( 1,  5)";"1 ( 0,  2)";" 7 ( 4, 10)";"2 ( 1,  3)";"1 ( 1, 1)";"1 ( 1,  1)";" 24 (20,  28)"
"2014-11-28";"14";" 760 (  421, 1099)";"1 ( 1, 1)";"2 ( 1,  3)";"0 ( 0, 0)";"1 ( 1, 1)";"1 ( 0,  2)";" 3 ( 2,  4)";"1 ( 0,  2)";" 3 ( 1,  5)";"1 ( 0,  2)";" 7 ( 4, 10)";"2 ( 1,  3)";"1 ( 1, 1)";"1 ( 1,  1)";" 24 (20,  28)"
"2014-11-27";"13";" 754 (  421, 1087)";"1 ( 1, 1)";"2 ( 1,  3)";"0 ( 0, 0)";"1 ( 1, 1)";"1 ( 0,  2)";" 3 ( 2,  4)";"1 ( 0,  2)";" 3 ( 2,  4)";"1 ( 0,  2)";" 7 ( 4, 10)";"2 ( 1,  3)";"1 ( 1, 1)";"1 ( 1,  1)";" 24 (20,  28)"
"2014-11-26";"12";" 748 (  421, 1075)";"1 ( 1, 1)";"2 ( 1,  3)";"0 ( 0, 0)";"1 ( 1, 1)";"1 ( 0,  2)";" 3 ( 2,  4)";"1 ( 0,  2)";" 3 ( 2,  4)";"1 ( 0,  2)";" 7 ( 4, 10)";"2 ( 1,  3)";"1 ( 1, 1)";"1 ( 1,  1)";" 24 (20,  28)"
"2014-11-25";"11";" 742 (  422, 1062)";"1 ( 1, 1)";"2 ( 1,  3)";"0 ( 0, 0)";"1 ( 1, 1)";"1 ( 0,  2)";" 2 ( 1,  3)";"1 ( 0,  2)";" 3 ( 2,  4)";"1 ( 0,  2)";" 7 ( 4, 10)";"2 ( 1,  3)";"1 ( 1, 1)";"1 ( 1,  1)";" 23 (19,  27)"
"2014-11-24";"10";" 735 (  421, 1049)";"1 ( 1, 1)";"2 ( 1,  3)";"0 ( 0, 0)";"1 ( 1, 1)";"1 ( 0,  2)";" 2 ( 1,  3)";"1 ( 0,  2)";" 3 ( 2,  4)";"1 ( 0,  2)";" 7 ( 4, 10)";"2 ( 1,  3)";"1 ( 1, 1)";"1 ( 1,  1)";" 23 (19,  27)"
"2014-11-23";"9";" 729 (  421, 1037)";"1 ( 1, 1)";"2 ( 1,  3)";"0 ( 0, 0)";"1 ( 1, 1)";"1 ( 0,  2)";" 2 ( 1,  3)";"1 ( 0,  2)";" 3 ( 2,  4)";"1 ( 0,  2)";" 6 ( 3,  9)";"2 ( 1,  3)";"1 ( 1, 1)";"1 ( 1,  1)";" 22 (18,  26)"
"2014-11-22";"8";" 723 (  421, 1025)";"1 ( 1, 1)";"2 ( 1,  3)";"0 ( 0, 0)";"1 ( 1, 1)";"1 ( 1,  1)";" 2 ( 1,  3)";"1 ( 1,  1)";" 3 ( 2,  4)";"1 ( 1,  1)";" 6 ( 3,  9)";"2 ( 1,  3)";"1 ( 1, 1)";"1 ( 1,  1)";" 22 (18,  26)"
"2014-11-21";"7";" 717 (  421, 1013)";"1 ( 1, 1)";"2 ( 1,  3)";"0 ( 0, 0)";"1 ( 1, 1)";"1 ( 1,  1)";" 2 ( 1,  3)";"1 ( 1,  1)";" 3 ( 2,  4)";"1 ( 1,  1)";" 6 ( 3,  9)";"2 ( 1,  3)";"1 ( 1, 1)";"1 ( 1,  1)";" 22 (19,  25)"
"2014-11-20";"6";" 712 (  422, 1002)";"1 ( 1, 1)";"2 ( 1,  3)";"0 ( 0, 0)";"1 ( 1, 1)";"1 ( 1,  1)";" 2 ( 1,  3)";"1 ( 1,  1)";" 3 ( 2,  4)";"1 ( 1,  1)";" 6 ( 3,  9)";"2 ( 1,  3)";"1 ( 1, 1)";"1 ( 1,  1)";" 22 (19,  25)"
"2014-11-19";"5";" 706 (  421,  991)";"1 ( 1, 1)";"2 ( 1,  3)";"0 ( 0, 0)";"1 ( 1, 1)";"1 ( 1,  1)";" 2 ( 1,  3)";"1 ( 1,  1)";" 3 ( 2,  4)";"1 ( 1,  1)";" 6 ( 3,  9)";"2 ( 1,  3)";"1 ( 1, 1)";"1 ( 1,  1)";" 22 (19,  25)"
"2014-11-18";"4";" 700 (  421,  979)";"1 ( 1, 1)";"2 ( 1,  3)";"0 ( 0, 0)";"1 ( 1, 1)";"1 ( 1,  1)";" 2 ( 1,  3)";"1 ( 1,  1)";" 3 ( 2,  4)";"1 ( 1,  1)";" 6 ( 4,  8)";"2 ( 1,  3)";"1 ( 1, 1)";"1 ( 1,  1)";" 22 (19,  25)"
"2014-11-17";"3";" 694 (  421,  967)";"1 ( 1, 1)";"2 ( 1,  3)";"0 ( 0, 0)";"1 ( 1, 1)";"1 ( 1,  1)";" 2 ( 1,  3)";"1 ( 1,  1)";" 3 ( 2,  4)";"1 ( 1,  1)";" 6 ( 4,  8)";"2 ( 1,  3)";"1 ( 1, 1)";"1 ( 1,  1)";" 22 (19,  25)"
"2014-11-16";"2";" 689 (  421,  957)";"1 ( 1, 1)";"2 ( 1,  3)";"0 ( 0, 0)";"1 ( 1, 1)";"1 ( 1,  1)";" 2 ( 1,  3)";"1 ( 1,  1)";" 3 ( 2,  4)";"1 ( 1,  1)";" 6 ( 4,  8)";"2 ( 1,  3)";"1 ( 1, 1)";"1 ( 1,  1)";" 22 (19,  25)"
"2014-11-15";"1";" 683 (  421,  945)";"1 ( 1, 1)";"2 ( 1,  3)";"0 ( 0, 0)";"1 ( 1, 1)";"1 ( 1,  1)";" 2 ( 1,  3)";"1 ( 1,  1)";" 3 ( 2,  4)";"1 ( 1,  1)";" 6 ( 4,  8)";"2 ( 1,  3)";"1 ( 1, 1)";"1 ( 1,  1)";" 22 (19,  25)"
"2014-11-14";"0";" 678 (  421,  935)";"1 ( 1, 1)";"2 ( 1,  3)";"0 ( 0, 0)";"1 ( 1, 1)";"1 ( 1,  1)";" 2 ( 1,  3)";"1 ( 1,  1)";" 3 ( 2,  4)";"1 ( 1,  1)";" 6 ( 4,  8)";"2 ( 1,  3)";"1 ( 1, 1)";"1 ( 1,  1)";" 22 (19,  25)"
"2014-11-13";"-1";" 672 (  420,  924)";"1 ( 1, 1)";"2 ( 1,  3)";"0 ( 0, 0)";"1 ( 1, 1)";"1 ( 1,  1)";" 2 ( 1,  3)";"1 ( 1,  1)";" 3 ( 2,  4)";"1 ( 1,  1)";" 6 ( 4,  8)";"2 ( 1,  3)";"1 ( 1, 1)";"1 ( 1,  1)";" 22 (19,  25)"
"2014-11-12";"-2";" 667 (  421,  913)";"1 ( 1, 1)";"2 ( 1,  3)";"0 ( 0, 0)";"1 ( 1, 1)";"1 ( 1,  1)";" 2 ( 1,  3)";"1 ( 1,  1)";" 3 ( 2,  4)";"1 ( 1,  1)";" 6 ( 4,  8)";"2 ( 1,  3)";"1 ( 1, 1)";"1 ( 1,  1)";" 22 (19,  25)"
"2014-11-11";"-3";" 661 (  420,  902)";"1 ( 1, 1)";"1 ( 0,  2)";"0 ( 0, 0)";"1 ( 1, 1)";"1 ( 1,  1)";" 2 ( 1,  3)";"1 ( 1,  1)";" 3 ( 2,  4)";"1 ( 1,  1)";" 6 ( 4,  8)";"2 ( 1,  3)";"1 ( 1, 1)";"1 ( 1,  1)";" 21 (18,  24)"
"2014-11-10";"-4";" 656 (  420,  892)";"1 ( 1, 1)";"1 ( 0,  2)";"0 ( 0, 0)";"1 ( 1, 1)";"1 ( 1,  1)";" 2 ( 1,  3)";"1 ( 1,  1)";" 3 ( 2,  4)";"1 ( 1,  1)";" 6 ( 4,  8)";"2 ( 1,  3)";"1 ( 1, 1)";"1 ( 1,  1)";" 21 (18,  24)"
"2014-11-09";"-5";" 651 (  420,  882)";"1 ( 1, 1)";"1 ( 0,  2)";"0 ( 0, 0)";"1 ( 1, 1)";"1 ( 1,  1)";" 2 ( 1,  3)";"1 ( 1,  1)";" 3 ( 2,  4)";"1 ( 1,  1)";" 6 ( 4,  8)";"2 ( 1,  3)";"1 ( 1, 1)";"1 ( 1,  1)";" 21 (18,  24)"
"2014-11-08";"-6";" 646 (  420,  872)";"1 ( 1, 1)";"1 ( 0,  2)";"0 ( 0, 0)";"1 ( 1, 1)";"1 ( 1,  1)";" 2 ( 1,  3)";"1 ( 1,  1)";" 3 ( 2,  4)";"1 ( 1,  1)";" 6 ( 4,  8)";"2 ( 1,  3)";"1 ( 1, 1)";"1 ( 1,  1)";" 21 (18,  24)"
"2014-11-07";"-7";" 640 (  418,  862)";"1 ( 1, 1)";"1 ( 1,  1)";"0 ( 0, 0)";"1 ( 1, 1)";"1 ( 1,  1)";" 2 ( 1,  3)";"1 ( 1,  1)";" 3 ( 2,  4)";"1 ( 1,  1)";" 6 ( 4,  8)";"2 ( 1,  3)";"1 ( 1, 1)";"1 ( 1,  1)";" 21 (18,  24)"
"2014-11-06";"-8";" 635 (  418,  852)";"1 ( 1, 1)";"1 ( 1,  1)";"0 ( 0, 0)";"1 ( 1, 1)";"1 ( 1,  1)";" 2 ( 1,  3)";"1 ( 1,  1)";" 3 ( 2,  4)";"1 ( 1,  1)";" 6 ( 4,  8)";"2 ( 1,  3)";"1 ( 1, 1)";"1 ( 1,  1)";" 21 (18,  24)"
"2014-11-05";"-9";" 630 (  418,  842)";"1 ( 1, 1)";"1 ( 1,  1)";"0 ( 0, 0)";"1 ( 1, 1)";"1 ( 1,  1)";" 2 ( 1,  3)";"1 ( 1,  1)";" 3 ( 2,  4)";"1 ( 1,  1)";" 6 ( 4,  8)";"2 ( 1,  3)";"1 ( 1, 1)";"1 ( 1,  1)";" 21 (19,  23)"
"2014-11-04";"-10";" 625 (  417,  833)";"1 ( 1, 1)";"1 ( 1,  1)";"0 ( 0, 0)";"1 ( 1, 1)";"1 ( 1,  1)";" 2 ( 1,  3)";"1 ( 1,  1)";" 3 ( 2,  4)";"1 ( 1,  1)";" 6 ( 4,  8)";"2 ( 1,  3)";"1 ( 1, 1)";"1 ( 1,  1)";" 21 (19,  23)"
"2014-11-03";"-11";" 620 (  417,  823)";"1 ( 1, 1)";"1 ( 1,  1)";"0 ( 0, 0)";"1 ( 1, 1)";"1 ( 1,  1)";" 2 ( 1,  3)";"1 ( 1,  1)";" 3 ( 2,  4)";"1 ( 1,  1)";" 6 ( 4,  8)";"2 ( 1,  3)";"1 ( 1, 1)";"1 ( 1,  1)";" 21 (19,  23)"
"2014-11-02";"-12";" 615 (  417,  813)";"1 ( 1, 1)";"1 ( 1,  1)";"0 ( 0, 0)";"1 ( 1, 1)";"1 ( 1,  1)";" 2 ( 1,  3)";"1 ( 1,  1)";" 3 ( 2,  4)";"1 ( 1,  1)";" 5 ( 3,  7)";"2 ( 1,  3)";"1 ( 1, 1)";"1 ( 1,  1)";" 20 (18,  22)"
"2014-11-01";"-13";" 611 (  417,  805)";"1 ( 1, 1)";"1 ( 1,  1)";"0 ( 0, 0)";"1 ( 1, 1)";"1 ( 1,  1)";" 2 ( 1,  3)";"1 ( 1,  1)";" 3 ( 2,  4)";"1 ( 1,  1)";" 5 ( 3,  7)";"2 ( 2,  2)";"1 ( 1, 1)";"1 ( 1,  1)";" 20 (18,  22)"
"2014-10-31";"-14";" 606 (  416,  796)";"1 ( 1, 1)";"1 ( 1,  1)";"0 ( 0, 0)";"1 ( 1, 1)";"1 ( 1,  1)";" 2 ( 1,  3)";"1 ( 1,  1)";" 3 ( 2,  4)";"1 ( 1,  1)";" 5 ( 3,  7)";"2 ( 2,  2)";"1 ( 1, 1)";"1 ( 1,  1)";" 20 (18,  22)"
"2014-10-30";"-15";" 601 (  416,  786)";"1 ( 1, 1)";"1 ( 1,  1)";"0 ( 0, 0)";"1 ( 1, 1)";"1 ( 1,  1)";" 2 ( 1,  3)";"1 ( 1,  1)";" 3 ( 2,  4)";"1 ( 1,  1)";" 5 ( 3,  7)";"2 ( 2,  2)";"1 ( 1, 1)";"1 ( 1,  1)";" 20 (18,  22)"
"2014-10-29";"-16";" 596 (  415,  777)";"1 ( 1, 1)";"1 ( 1,  1)";"0 ( 0, 0)";"1 ( 1, 1)";"1 ( 1,  1)";" 2 ( 1,  3)";"1 ( 1,  1)";" 3 ( 2,  4)";"1 ( 1,  1)";" 5 ( 3,  7)";"2 ( 2,  2)";"1 ( 1, 1)";"1 ( 1,  1)";" 20 (18,  22)"
"2014-10-28";"-17";" 592 (  415,  769)";"1 ( 1, 1)";"1 ( 1,  1)";"0 ( 0, 0)";"1 ( 1, 1)";"1 ( 1,  1)";" 2 ( 1,  3)";"1 ( 1,  1)";" 3 ( 2,  4)";"1 ( 1,  1)";" 5 ( 3,  7)";"2 ( 2,  2)";"1 ( 1, 1)";"1 ( 1,  1)";" 20 (18,  22)"
"2014-10-27";"-18";" 587 (  414,  760)";"1 ( 1, 1)";"1 ( 1,  1)";"0 ( 0, 0)";"1 ( 1, 1)";"1 ( 1,  1)";" 2 ( 1,  3)";"1 ( 1,  1)";" 3 ( 2,  4)";"1 ( 1,  1)";" 5 ( 3,  7)";"1 ( 1,  1)";"1 ( 1, 1)";"1 ( 1,  1)";" 19 (17,  21)"
"2014-10-26";"-19";" 582 (  413,  751)";"1 ( 1, 1)";"1 ( 1,  1)";"0 ( 0, 0)";"1 ( 1, 1)";"1 ( 1,  1)";" 2 ( 1,  3)";"1 ( 1,  1)";" 3 ( 2,  4)";"1 ( 1,  1)";" 5 ( 3,  7)";"1 ( 1,  1)";"1 ( 1, 1)";"1 ( 1,  1)";" 19 (17,  21)"
"2014-10-25";"-20";" 578 (  413,  743)";"1 ( 1, 1)";"1 ( 1,  1)";"0 ( 0, 0)";"1 ( 1, 1)";"1 ( 1,  1)";" 2 ( 1,  3)";"1 ( 1,  1)";" 3 ( 2,  4)";"1 ( 1,  1)";" 5 ( 4,  6)";"1 ( 1,  1)";"1 ( 1, 1)";"1 ( 1,  1)";" 19 (17,  21)"
"2014-10-24";"-21";" 573 (  412,  734)";"1 ( 1, 1)";"1 ( 1,  1)";"0 ( 0, 0)";"1 ( 1, 1)";"1 ( 1,  1)";" 2 ( 1,  3)";"1 ( 1,  1)";" 3 ( 2,  4)";"1 ( 1,  1)";" 5 ( 4,  6)";"1 ( 1,  1)";"1 ( 1, 1)";"1 ( 1,  1)";" 19 (17,  21)"
"2014-10-23";"-22";" 569 (  412,  726)";"1 ( 1, 1)";"1 ( 1,  1)";"0 ( 0, 0)";"1 ( 1, 1)";"1 ( 1,  1)";" 2 ( 1,  3)";"1 ( 1,  1)";" 3 ( 2,  4)";"1 ( 1,  1)";" 5 ( 4,  6)";"1 ( 1,  1)";"1 ( 1, 1)";"1 ( 1,  1)";" 19 (17,  21)"
"2014-10-22";"-23";" 565 (  412,  718)";"1 ( 1, 1)";"1 ( 1,  1)";"0 ( 0, 0)";"1 ( 1, 1)";"1 ( 1,  1)";" 2 ( 1,  3)";"1 ( 1,  1)";" 3 ( 2,  4)";"1 ( 1,  1)";" 5 ( 4,  6)";"1 ( 1,  1)";"1 ( 1, 1)";"1 ( 1,  1)";" 19 (17,  21)"
"2014-10-21";"-24";" 560 (  411,  709)";"1 ( 1, 1)";"1 ( 1,  1)";"0 ( 0, 0)";"1 ( 1, 1)";"1 ( 1,  1)";" 2 ( 1,  3)";"1 ( 1,  1)";" 2 ( 1,  3)";"1 ( 1,  1)";" 5 ( 4,  6)";"1 ( 1,  1)";"1 ( 1, 1)";"1 ( 1,  1)";" 18 (16,  20)"
"2014-10-20";"-25";" 556 (  410,  702)";"1 ( 1, 1)";"1 ( 1,  1)";"0 ( 0, 0)";"1 ( 1, 1)";"1 ( 1,  1)";" 2 ( 2,  2)";"1 ( 1,  1)";" 2 ( 1,  3)";"1 ( 1,  1)";" 5 ( 4,  6)";"1 ( 1,  1)";"1 ( 1, 1)";"1 ( 1,  1)";" 18 (16,  20)"
"2014-10-19";"-26";" 552 (  410,  694)";"1 ( 1, 1)";"1 ( 1,  1)";"0 ( 0, 0)";"1 ( 1, 1)";"1 ( 1,  1)";" 2 ( 2,  2)";"1 ( 1,  1)";" 2 ( 1,  3)";"1 ( 1,  1)";" 5 ( 4,  6)";"1 ( 1,  1)";"1 ( 1, 1)";"1 ( 1,  1)";" 18 (16,  20)"
"2014-10-18";"-27";" 547 (  409,  685)";"1 ( 1, 1)";"1 ( 1,  1)";"0 ( 0, 0)";"1 ( 1, 1)";"1 ( 1,  1)";" 2 ( 2,  2)";"1 ( 1,  1)";" 2 ( 1,  3)";"1 ( 1,  1)";" 5 ( 4,  6)";"1 ( 1,  1)";"1 ( 1, 1)";"1 ( 1,  1)";" 18 (16,  20)"
"2014-10-17";"-28";" 543 (  408,  678)";"1 ( 1, 1)";"1 ( 1,  1)";"0 ( 0, 0)";"1 ( 1, 1)";"1 ( 1,  1)";" 2 ( 2,  2)";"1 ( 1,  1)";" 2 ( 1,  3)";"1 ( 1,  1)";" 5 ( 4,  6)";"1 ( 1,  1)";"1 ( 1, 1)";"1 ( 1,  1)";" 18 (16,  20)"
"2014-10-16";"-29";" 539 (  408,  670)";"1 ( 1, 1)";"1 ( 1,  1)";"0 ( 0, 0)";"1 ( 1, 1)";"1 ( 1,  1)";" 2 ( 2,  2)";"1 ( 1,  1)";" 2 ( 1,  3)";"1 ( 1,  1)";" 5 ( 4,  6)";"1 ( 1,  1)";"1 ( 1, 1)";"1 ( 1,  1)";" 18 (16,  20)"
"2014-10-15";"-30";" 535 (  407,  663)";"1 ( 1, 1)";"1 ( 1,  1)";"0 ( 0, 0)";"1 ( 1, 1)";"1 ( 1,  1)";" 2 ( 2,  2)";"1 ( 1,  1)";" 2 ( 1,  3)";"1 ( 1,  1)";" 5 ( 4,  6)";"1 ( 1,  1)";"1 ( 1, 1)";"1 ( 1,  1)";" 18 (17,  19)"
"2014-10-14";"-31";" 531 (  406,  656)";"1 ( 1, 1)";"1 ( 1,  1)";"0 ( 0, 0)";"1 ( 1, 1)";"1 ( 1,  1)";" 2 ( 2,  2)";"1 ( 1,  1)";" 2 ( 1,  3)";"1 ( 1,  1)";" 5 ( 4,  6)";"1 ( 1,  1)";"1 ( 1, 1)";"1 ( 1,  1)";" 18 (17,  19)"
"2014-10-13";"-32";" 527 (  406,  648)";"1 ( 1, 1)";"1 ( 1,  1)";"0 ( 0, 0)";"1 ( 1, 1)";"1 ( 1,  1)";" 2 ( 2,  2)";"1 ( 1,  1)";" 2 ( 1,  3)";"1 ( 1,  1)";" 5 ( 4,  6)";"1 ( 1,  1)";"1 ( 1, 1)";"1 ( 1,  1)";" 18 (17,  19)"
"2014-10-12";"-33";" 523 (  405,  641)";"1 ( 1, 1)";"1 ( 1,  1)";"0 ( 0, 0)";"1 ( 1, 1)";"1 ( 1,  1)";" 2 ( 2,  2)";"1 ( 1,  1)";" 2 ( 1,  3)";"1 ( 1,  1)";" 5 ( 4,  6)";"1 ( 1,  1)";"1 ( 1, 1)";"1 ( 1,  1)";" 18 (17,  19)"
"2014-10-11";"-34";" 519 (  404,  634)";"1 ( 1, 1)";"1 ( 1,  1)";"0 ( 0, 0)";"1 ( 1, 1)";"1 ( 1,  1)";" 2 ( 2,  2)";"1 ( 1,  1)";" 2 ( 1,  3)";"1 ( 1,  1)";" 5 ( 4,  6)";"1 ( 1,  1)";"1 ( 1, 1)";"1 ( 1,  1)";" 18 (17,  19)"
"2014-10-10";"-35";" 515 (  403,  627)";"1 ( 1, 1)";"1 ( 1,  1)";"0 ( 0, 0)";"1 ( 1, 1)";"1 ( 1,  1)";" 2 ( 2,  2)";"1 ( 1,  1)";" 2 ( 2,  2)";"1 ( 1,  1)";" 5 ( 4,  6)";"1 ( 1,  1)";"1 ( 1, 1)";"1 ( 1,  1)";" 18 (17,  19)"
"2014-10-09";"-36";" 511 (  403,  619)";"1 ( 1, 1)";"1 ( 1,  1)";"0 ( 0, 0)";"1 ( 1, 1)";"1 ( 1,  1)";" 2 ( 2,  2)";"1 ( 1,  1)";" 2 ( 2,  2)";"1 ( 1,  1)";" 5 ( 4,  6)";"1 ( 1,  1)";"1 ( 1, 1)";"1 ( 1,  1)";" 18 (17,  19)"
"2014-10-08";"-37";" 507 (  402,  612)";"1 ( 1, 1)";"1 ( 1,  1)";"0 ( 0, 0)";"1 ( 1, 1)";"1 ( 1,  1)";" 2 ( 2,  2)";"1 ( 1,  1)";" 2 ( 2,  2)";"1 ( 1,  1)";" 5 ( 4,  6)";"1 ( 1,  1)";"1 ( 1, 1)";"1 ( 1,  1)";" 18 (17,  19)"
"2014-10-07";"-38";" 503 (  401,  605)";"1 ( 1, 1)";"1 ( 1,  1)";"0 ( 0, 0)";"1 ( 1, 1)";"1 ( 1,  1)";" 2 ( 2,  2)";"1 ( 1,  1)";" 2 ( 2,  2)";"1 ( 1,  1)";" 4 ( 3,  5)";"1 ( 1,  1)";"1 ( 1, 1)";"1 ( 1,  1)";" 17 (16,  18)"
"2014-10-06";"-39";" 500 (  401,  599)";"1 ( 1, 1)";"1 ( 1,  1)";"0 ( 0, 0)";"1 ( 1, 1)";"1 ( 1,  1)";" 2 ( 2,  2)";"1 ( 1,  1)";" 2 ( 2,  2)";"1 ( 1,  1)";" 4 ( 3,  5)";"1 ( 1,  1)";"1 ( 1, 1)";"1 ( 1,  1)";" 17 (16,  18)"
"2014-10-05";"-40";" 496 (  400,  592)";"1 ( 1, 1)";"1 ( 1,  1)";"0 ( 0, 0)";"1 ( 1, 1)";"1 ( 1,  1)";" 2 ( 2,  2)";"1 ( 1,  1)";" 2 ( 2,  2)";"1 ( 1,  1)";" 4 ( 3,  5)";"1 ( 1,  1)";"1 ( 1, 1)";"1 ( 1,  1)";" 17 (16,  18)"
"2014-10-04";"-41";" 492 (  398,  586)";"1 ( 1, 1)";"1 ( 1,  1)";"0 ( 0, 0)";"1 ( 1, 1)";"1 ( 1,  1)";" 2 ( 2,  2)";"1 ( 1,  1)";" 2 ( 2,  2)";"1 ( 1,  1)";" 4 ( 3,  5)";"1 ( 1,  1)";"1 ( 1, 1)";"1 ( 1,  1)";" 17 (16,  18)"
"2014-10-03";"-42";" 488 (  397,  579)";"1 ( 1, 1)";"1 ( 1,  1)";"0 ( 0, 0)";"1 ( 1, 1)";"1 ( 1,  1)";" 2 ( 2,  2)";"1 ( 1,  1)";" 2 ( 2,  2)";"1 ( 1,  1)";" 4 ( 3,  5)";"1 ( 1,  1)";"1 ( 1, 1)";"1 ( 1,  1)";" 17 (16,  18)"
"2014-10-02";"-43";" 485 (  397,  573)";"1 ( 1, 1)";"1 ( 1,  1)";"0 ( 0, 0)";"1 ( 1, 1)";"1 ( 1,  1)";" 2 ( 2,  2)";"1 ( 1,  1)";" 2 ( 2,  2)";"1 ( 1,  1)";" 4 ( 3,  5)";"1 ( 1,  1)";"1 ( 1, 1)";"1 ( 1,  1)";" 17 (16,  18)"
"2014-10-01";"-44";" 481 (  396,  566)";"1 ( 1, 1)";"1 ( 1,  1)";"0 ( 0, 0)";"1 ( 1, 1)";"1 ( 1,  1)";" 2 ( 2,  2)";"1 ( 1,  1)";" 2 ( 2,  2)";"1 ( 1,  1)";" 4 ( 3,  5)";"1 ( 1,  1)";"1 ( 1, 1)";"1 ( 1,  1)";" 17 (16,  18)"
"2014-09-30";"-45";" 478 (  395,  561)";"1 ( 1, 1)";"1 ( 1,  1)";"0 ( 0, 0)";"1 ( 1, 1)";"1 ( 1,  1)";" 2 ( 2,  2)";"1 ( 1,  1)";" 2 ( 2,  2)";"1 ( 1,  1)";" 4 ( 3,  5)";"1 ( 1,  1)";"1 ( 1, 1)";"1 ( 1,  1)";" 17 (16,  18)"
"2014-09-29";"-46";" 474 (  394,  554)";"1 ( 1, 1)";"1 ( 1,  1)";"0 ( 0, 0)";"1 ( 1, 1)";"1 ( 1,  1)";" 2 ( 2,  2)";"1 ( 1,  1)";" 2 ( 2,  2)";"1 ( 1,  1)";" 4 ( 3,  5)";"1 ( 1,  1)";"1 ( 1, 1)";"1 ( 1,  1)";" 17 (16,  18)"
"2014-09-28";"-47";" 471 (  394,  548)";"1 ( 1, 1)";"1 ( 1,  1)";"0 ( 0, 0)";"1 ( 1, 1)";"1 ( 1,  1)";" 2 ( 2,  2)";"1 ( 1,  1)";" 2 ( 2,  2)";"1 ( 1,  1)";" 4 ( 3,  5)";"1 ( 1,  1)";"1 ( 1, 1)";"1 ( 1,  1)";" 17 (16,  18)"
"2014-09-27";"-48";" 467 (  392,  542)";"1 ( 1, 1)";"1 ( 1,  1)";"0 ( 0, 0)";"1 ( 1, 1)";"1 ( 1,  1)";" 2 ( 2,  2)";"1 ( 1,  1)";" 2 ( 2,  2)";"1 ( 1,  1)";" 4 ( 3,  5)";"1 ( 1,  1)";"1 ( 1, 1)";"1 ( 1,  1)";" 17 (16,  18)"
"2014-09-26";"-49";" 464 (  392,  536)";"1 ( 1, 1)";"1 ( 1,  1)";"0 ( 0, 0)";"1 ( 1, 1)";"1 ( 1,  1)";" 2 ( 2,  2)";"1 ( 1,  1)";" 2 ( 2,  2)";"1 ( 1,  1)";" 4 ( 3,  5)";"1 ( 1,  1)";"1 ( 1, 1)";"1 ( 1,  1)";" 17 (16,  18)"
"2014-09-25";"-50";" 460 (  390,  530)";"1 ( 1, 1)";"1 ( 1,  1)";"0 ( 0, 0)";"1 ( 1, 1)";"1 ( 1,  1)";" 2 ( 2,  2)";"1 ( 1,  1)";" 2 ( 2,  2)";"1 ( 1,  1)";" 4 ( 3,  5)";"1 ( 1,  1)";"1 ( 1, 1)";"1 ( 1,  1)";" 17 (16,  18)"
"2014-09-24";"-51";" 457 (  389,  525)";"1 ( 1, 1)";"1 ( 1,  1)";"0 ( 0, 0)";"1 ( 1, 1)";"1 ( 1,  1)";" 2 ( 2,  2)";"1 ( 1,  1)";" 2 ( 2,  2)";"1 ( 1,  1)";" 4 ( 3,  5)";"1 ( 1,  1)";"1 ( 1, 1)";"1 ( 1,  1)";" 17 (16,  18)"
"2014-09-23";"-52";" 454 (  389,  519)";"0 ( 0, 0)";"1 ( 1,  1)";"0 ( 0, 0)";"1 ( 1, 1)";"1 ( 1,  1)";" 2 ( 2,  2)";"1 ( 1,  1)";" 2 ( 2,  2)";"1 ( 1,  1)";" 4 ( 3,  5)";"1 ( 1,  1)";"0 ( 0, 0)";"1 ( 1,  1)";" 15 (14,  16)"
"2014-09-22";"-53";" 450 (  387,  513)";"0 ( 0, 0)";"1 ( 1,  1)";"0 ( 0, 0)";"1 ( 1, 1)";"1 ( 1,  1)";" 2 ( 2,  2)";"1 ( 1,  1)";" 2 ( 2,  2)";"1 ( 1,  1)";" 4 ( 3,  5)";"1 ( 1,  1)";"0 ( 0, 0)";"1 ( 1,  1)";" 15 (14,  16)"
"2014-09-21";"-54";" 447 (  386,  508)";"0 ( 0, 0)";"1 ( 1,  1)";"0 ( 0, 0)";"1 ( 1, 1)";"1 ( 1,  1)";" 1 ( 1,  1)";"1 ( 1,  1)";" 2 ( 2,  2)";"1 ( 1,  1)";" 4 ( 3,  5)";"1 ( 1,  1)";"0 ( 0, 0)";"1 ( 1,  1)";" 14 (13,  15)"
"2014-09-20";"-55";" 444 (  385,  503)";"0 ( 0, 0)";"1 ( 1,  1)";"0 ( 0, 0)";"1 ( 1, 1)";"1 ( 1,  1)";" 1 ( 1,  1)";"1 ( 1,  1)";" 2 ( 2,  2)";"1 ( 1,  1)";" 4 ( 3,  5)";"1 ( 1,  1)";"0 ( 0, 0)";"1 ( 1,  1)";" 14 (13,  15)"
"2014-09-19";"-56";" 441 (  385,  497)";"0 ( 0, 0)";"1 ( 1,  1)";"0 ( 0, 0)";"1 ( 1, 1)";"1 ( 1,  1)";" 1 ( 1,  1)";"1 ( 1,  1)";" 2 ( 2,  2)";"1 ( 1,  1)";" 4 ( 3,  5)";"1 ( 1,  1)";"0 ( 0, 0)";"1 ( 1,  1)";" 14 (13,  15)"
"2014-09-18";"-57";" 438 (  384,  492)";"0 ( 0, 0)";"1 ( 1,  1)";"0 ( 0, 0)";"1 ( 1, 1)";"1 ( 1,  1)";" 1 ( 1,  1)";"1 ( 1,  1)";" 2 ( 2,  2)";"1 ( 1,  1)";" 4 ( 4,  4)";"1 ( 1,  1)";"0 ( 0, 0)";"1 ( 1,  1)";" 14 (13,  15)"
"2014-09-17";"-58";" 434 (  382,  486)";"0 ( 0, 0)";"1 ( 1,  1)";"0 ( 0, 0)";"1 ( 1, 1)";"1 ( 1,  1)";" 1 ( 1,  1)";"1 ( 1,  1)";" 2 ( 2,  2)";"1 ( 1,  1)";" 4 ( 4,  4)";"1 ( 1,  1)";"0 ( 0, 0)";"1 ( 1,  1)";" 14 (13,  15)"
"2014-09-16";"-59";" 431 (  381,  481)";"0 ( 0, 0)";"1 ( 1,  1)";"0 ( 0, 0)";"1 ( 1, 1)";"1 ( 1,  1)";" 1 ( 1,  1)";"1 ( 1,  1)";" 2 ( 2,  2)";"1 ( 1,  1)";" 4 ( 4,  4)";"1 ( 1,  1)";"0 ( 0, 0)";"1 ( 1,  1)";" 14 (13,  15)"
"2014-09-15";"-60";" 428 (  379,  477)";"0 ( 0, 0)";"1 ( 1,  1)";"0 ( 0, 0)";"1 ( 1, 1)";"1 ( 1,  1)";" 1 ( 1,  1)";"1 ( 1,  1)";" 2 ( 2,  2)";"1 ( 1,  1)";" 4 ( 4,  4)";"1 ( 1,  1)";"0 ( 0, 0)";"1 ( 1,  1)";" 14 (13,  15)"
"2014-09-14";"-61";" 425 (  378,  472)";"0 ( 0, 0)";"1 ( 1,  1)";"0 ( 0, 0)";"1 ( 1, 1)";"1 ( 1,  1)";" 1 ( 1,  1)";"1 ( 1,  1)";" 2 ( 2,  2)";"1 ( 1,  1)";" 4 ( 4,  4)";"1 ( 1,  1)";"0 ( 0, 0)";"1 ( 1,  1)";" 14 (13,  15)"
"2014-09-13";"-62";" 422 (  377,  467)";"0 ( 0, 0)";"1 ( 1,  1)";"0 ( 0, 0)";"1 ( 1, 1)";"1 ( 1,  1)";" 1 ( 1,  1)";"1 ( 1,  1)";" 2 ( 2,  2)";"1 ( 1,  1)";" 4 ( 4,  4)";"1 ( 1,  1)";"0 ( 0, 0)";"1 ( 1,  1)";" 14 (13,  15)"
"2014-09-12";"-63";" 419 (  376,  462)";"0 ( 0, 0)";"1 ( 1,  1)";"0 ( 0, 0)";"1 ( 1, 1)";"1 ( 1,  1)";" 1 ( 1,  1)";"1 ( 1,  1)";" 2 ( 2,  2)";"1 ( 1,  1)";" 4 ( 4,  4)";"1 ( 1,  1)";"0 ( 0, 0)";"1 ( 1,  1)";" 14 (13,  15)"
"2014-09-11";"-64";" 416 (  374,  458)";"0 ( 0, 0)";"1 ( 1,  1)";"0 ( 0, 0)";"1 ( 1, 1)";"1 ( 1,  1)";" 1 ( 1,  1)";"1 ( 1,  1)";" 2 ( 2,  2)";"1 ( 1,  1)";" 4 ( 4,  4)";"1 ( 1,  1)";"0 ( 0, 0)";"1 ( 1,  1)";" 14 (14,  14)"
"2014-09-10";"-65";" 413 (  373,  453)";"0 ( 0, 0)";"1 ( 1,  1)";"0 ( 0, 0)";"1 ( 1, 1)";"1 ( 1,  1)";" 1 ( 1,  1)";"1 ( 1,  1)";" 2 ( 2,  2)";"1 ( 1,  1)";" 4 ( 4,  4)";"1 ( 1,  1)";"0 ( 0, 0)";"1 ( 1,  1)";" 14 (14,  14)"
"2014-09-09";"-66";" 410 (  371,  449)";"0 ( 0, 0)";"1 ( 1,  1)";"0 ( 0, 0)";"1 ( 1, 1)";"1 ( 1,  1)";" 1 ( 1,  1)";"1 ( 1,  1)";" 2 ( 2,  2)";"1 ( 1,  1)";" 4 ( 4,  4)";"1 ( 1,  1)";"0 ( 0, 0)";"1 ( 1,  1)";" 14 (14,  14)"
"2014-09-08";"-67";" 407 (  370,  444)";"0 ( 0, 0)";"1 ( 1,  1)";"0 ( 0, 0)";"1 ( 1, 1)";"1 ( 1,  1)";" 1 ( 1,  1)";"1 ( 1,  1)";" 2 ( 2,  2)";"1 ( 1,  1)";" 4 ( 4,  4)";"1 ( 1,  1)";"0 ( 0, 0)";"1 ( 1,  1)";" 14 (14,  14)"
"2014-09-07";"-68";" 404 (  368,  440)";"0 ( 0, 0)";"1 ( 1,  1)";"0 ( 0, 0)";"1 ( 1, 1)";"1 ( 1,  1)";" 1 ( 1,  1)";"1 ( 1,  1)";" 2 ( 2,  2)";"1 ( 1,  1)";" 4 ( 4,  4)";"1 ( 1,  1)";"0 ( 0, 0)";"1 ( 1,  1)";" 14 (14,  14)"
"2014-09-06";"-69";" 402 (  367,  437)";"0 ( 0, 0)";"1 ( 1,  1)";"0 ( 0, 0)";"1 ( 1, 1)";"1 ( 1,  1)";" 1 ( 1,  1)";"1 ( 1,  1)";" 2 ( 2,  2)";"1 ( 1,  1)";" 4 ( 4,  4)";"1 ( 1,  1)";"0 ( 0, 0)";"1 ( 1,  1)";" 14 (14,  14)"
"2014-09-05";"-70";" 399 (  365,  433)";"0 ( 0, 0)";"1 ( 1,  1)";"0 ( 0, 0)";"0 ( 0, 0)";"1 ( 1,  1)";" 1 ( 1,  1)";"1 ( 1,  1)";" 2 ( 2,  2)";"1 ( 1,  1)";" 4 ( 4,  4)";"1 ( 1,  1)";"0 ( 0, 0)";"1 ( 1,  1)";" 13 (13,  13)"
"2014-09-04";"-71";" 396 (  363,  429)";"0 ( 0, 0)";"1 ( 1,  1)";"0 ( 0, 0)";"0 ( 0, 0)";"1 ( 1,  1)";" 1 ( 1,  1)";"1 ( 1,  1)";" 2 ( 2,  2)";"1 ( 1,  1)";" 4 ( 4,  4)";"1 ( 1,  1)";"0 ( 0, 0)";"1 ( 1,  1)";" 13 (13,  13)"
"2014-09-03";"-72";" 393 (  361,  425)";"0 ( 0, 0)";"1 ( 1,  1)";"0 ( 0, 0)";"0 ( 0, 0)";"1 ( 1,  1)";" 1 ( 1,  1)";"1 ( 1,  1)";" 2 ( 2,  2)";"1 ( 1,  1)";" 3 ( 3,  3)";"1 ( 1,  1)";"0 ( 0, 0)";"1 ( 1,  1)";" 12 (12,  12)"
"2014-09-02";"-73";" 390 (  359,  421)";"0 ( 0, 0)";"1 ( 1,  1)";"0 ( 0, 0)";"0 ( 0, 0)";"1 ( 1,  1)";" 1 ( 1,  1)";"1 ( 1,  1)";" 2 ( 2,  2)";"1 ( 1,  1)";" 3 ( 3,  3)";"1 ( 1,  1)";"0 ( 0, 0)";"1 ( 1,  1)";" 12 (12,  12)"
"2014-09-01";"-74";" 388 (  357,  419)";"0 ( 0, 0)";"1 ( 1,  1)";"0 ( 0, 0)";"0 ( 0, 0)";"1 ( 1,  1)";" 1 ( 1,  1)";"1 ( 1,  1)";" 2 ( 2,  2)";"1 ( 1,  1)";" 3 ( 3,  3)";"1 ( 1,  1)";"0 ( 0, 0)";"1 ( 1,  1)";" 12 (12,  12)"
"2014-08-31";"-75";" 385 (  355,  415)";"0 ( 0, 0)";"1 ( 1,  1)";"0 ( 0, 0)";"0 ( 0, 0)";"1 ( 1,  1)";" 1 ( 1,  1)";"1 ( 1,  1)";" 2 ( 2,  2)";"1 ( 1,  1)";" 3 ( 3,  3)";"1 ( 1,  1)";"0 ( 0, 0)";"1 ( 1,  1)";" 12 (12,  12)"
"2014-08-30";"-76";" 382 (  352,  412)";"0 ( 0, 0)";"1 ( 1,  1)";"0 ( 0, 0)";"0 ( 0, 0)";"1 ( 1,  1)";" 1 ( 1,  1)";"1 ( 1,  1)";" 2 ( 2,  2)";"1 ( 1,  1)";" 3 ( 3,  3)";"1 ( 1,  1)";"0 ( 0, 0)";"1 ( 1,  1)";" 12 (12,  12)"
"2014-08-29";"-77";" 380 (  350,  410)";"0 ( 0, 0)";"1 ( 1,  1)";"0 ( 0, 0)";"0 ( 0, 0)";"1 ( 1,  1)";" 1 ( 1,  1)";"1 ( 1,  1)";" 2 ( 2,  2)";"1 ( 1,  1)";" 3 ( 3,  3)";"1 ( 1,  1)";"0 ( 0, 0)";"1 ( 1,  1)";" 12 (12,  12)"
"2014-08-28";"-78";" 377 (  347,  407)";"0 ( 0, 0)";"1 ( 1,  1)";"0 ( 0, 0)";"0 ( 0, 0)";"1 ( 1,  1)";" 1 ( 1,  1)";"1 ( 1,  1)";" 2 ( 2,  2)";"1 ( 1,  1)";" 3 ( 3,  3)";"1 ( 1,  1)";"0 ( 0, 0)";"1 ( 1,  1)";" 12 (12,  12)"
"2014-08-27";"-79";" 374 (  344,  404)";"0 ( 0, 0)";"1 ( 1,  1)";"0 ( 0, 0)";"0 ( 0, 0)";"1 ( 1,  1)";" 1 ( 1,  1)";"1 ( 1,  1)";" 2 ( 2,  2)";"1 ( 1,  1)";" 3 ( 3,  3)";"1 ( 1,  1)";"0 ( 0, 0)";"1 ( 1,  1)";" 12 (12,  12)"
"2014-08-26";"-80";" 372 (  342,  402)";"0 ( 0, 0)";"1 ( 1,  1)";"0 ( 0, 0)";"0 ( 0, 0)";"1 ( 1,  1)";" 1 ( 1,  1)";"1 ( 1,  1)";" 2 ( 2,  2)";"1 ( 1,  1)";" 3 ( 3,  3)";"1 ( 1,  1)";"0 ( 0, 0)";"1 ( 1,  1)";" 12 (12,  12)"
"2014-08-25";"-81";" 369 (  339,  399)";"0 ( 0, 0)";"1 ( 1,  1)";"0 ( 0, 0)";"0 ( 0, 0)";"1 ( 1,  1)";" 1 ( 1,  1)";"1 ( 1,  1)";" 2 ( 2,  2)";"1 ( 1,  1)";" 3 ( 3,  3)";"1 ( 1,  1)";"0 ( 0, 0)";"1 ( 1,  1)";" 12 (12,  12)"
"2014-08-24";"-82";" 367 (  337,  397)";"0 ( 0, 0)";"1 ( 1,  1)";"0 ( 0, 0)";"0 ( 0, 0)";"1 ( 1,  1)";" 1 ( 1,  1)";"1 ( 1,  1)";" 2 ( 2,  2)";"1 ( 1,  1)";" 3 ( 3,  3)";"1 ( 1,  1)";"0 ( 0, 0)";"1 ( 1,  1)";" 12 (12,  12)"
"2014-08-23";"-83";" 364 (  333,  395)";"0 ( 0, 0)";"1 ( 1,  1)";"0 ( 0, 0)";"0 ( 0, 0)";"1 ( 1,  1)";" 1 ( 1,  1)";"1 ( 1,  1)";" 2 ( 2,  2)";"1 ( 1,  1)";" 3 ( 3,  3)";"1 ( 1,  1)";"0 ( 0, 0)";"1 ( 1,  1)";" 12 (12,  12)"
"2014-08-22";"-84";" 362 (  331,  393)";"0 ( 0, 0)";"1 ( 1,  1)";"0 ( 0, 0)";"0 ( 0, 0)";"1 ( 1,  1)";" 1 ( 1,  1)";"1 ( 1,  1)";" 2 ( 2,  2)";"1 ( 1,  1)";" 3 ( 3,  3)";"1 ( 1,  1)";"0 ( 0, 0)";"1 ( 1,  1)";" 12 (12,  12)"
"2014-08-21";"-85";" 359 (  327,  391)";"0 ( 0, 0)";"1 ( 1,  1)";"0 ( 0, 0)";"0 ( 0, 0)";"1 ( 1,  1)";" 1 ( 1,  1)";"1 ( 1,  1)";" 2 ( 2,  2)";"1 ( 1,  1)";" 3 ( 3,  3)";"1 ( 1,  1)";"0 ( 0, 0)";"1 ( 1,  1)";" 12 (12,  12)"
"2014-08-20";"-86";" 357 (  325,  389)";"0 ( 0, 0)";"1 ( 1,  1)";"0 ( 0, 0)";"0 ( 0, 0)";"1 ( 1,  1)";" 1 ( 1,  1)";"1 ( 1,  1)";" 2 ( 2,  2)";"1 ( 1,  1)";" 3 ( 3,  3)";"1 ( 1,  1)";"0 ( 0, 0)";"0 ( 0,  0)";" 11 (11,  11)"
"2014-08-19";"-87";" 354 (  321,  387)";"0 ( 0, 0)";"1 ( 1,  1)";"0 ( 0, 0)";"0 ( 0, 0)";"1 ( 1,  1)";" 1 ( 1,  1)";"1 ( 1,  1)";" 2 ( 2,  2)";"1 ( 1,  1)";" 3 ( 3,  3)";"1 ( 1,  1)";"0 ( 0, 0)";"0 ( 0,  0)";" 11 (11,  11)"
"2014-08-18";"-88";" 352 (  318,  386)";"0 ( 0, 0)";"1 ( 1,  1)";"0 ( 0, 0)";"0 ( 0, 0)";"1 ( 1,  1)";" 1 ( 1,  1)";"1 ( 1,  1)";" 2 ( 2,  2)";"1 ( 1,  1)";" 3 ( 3,  3)";"1 ( 1,  1)";"0 ( 0, 0)";"0 ( 0,  0)";" 11 (11,  11)"
"2014-08-17";"-89";" 349 (  315,  383)";"0 ( 0, 0)";"1 ( 1,  1)";"0 ( 0, 0)";"0 ( 0, 0)";"1 ( 1,  1)";" 1 ( 1,  1)";"1 ( 1,  1)";" 2 ( 2,  2)";"1 ( 1,  1)";" 3 ( 3,  3)";"1 ( 1,  1)";"0 ( 0, 0)";"0 ( 0,  0)";" 11 (11,  11)"
"2014-08-16";"-90";" 347 (  312,  382)";"0 ( 0, 0)";"1 ( 1,  1)";"0 ( 0, 0)";"0 ( 0, 0)";"1 ( 1,  1)";" 1 ( 1,  1)";"1 ( 1,  1)";" 2 ( 2,  2)";"1 ( 1,  1)";" 3 ( 3,  3)";"1 ( 1,  1)";"0 ( 0, 0)";"0 ( 0,  0)";" 11 (11,  11)"
"2014-08-15";"-91";" 345 (  309,  381)";"0 ( 0, 0)";"1 ( 1,  1)";"0 ( 0, 0)";"0 ( 0, 0)";"1 ( 1,  1)";" 1 ( 1,  1)";"1 ( 1,  1)";" 2 ( 2,  2)";"1 ( 1,  1)";" 3 ( 3,  3)";"1 ( 1,  1)";"0 ( 0, 0)";"0 ( 0,  0)";" 11 (11,  11)"
"2014-08-14";"-92";" 342 (  305,  379)";"0 ( 0, 0)";"1 ( 1,  1)";"0 ( 0, 0)";"0 ( 0, 0)";"1 ( 1,  1)";" 1 ( 1,  1)";"1 ( 1,  1)";" 2 ( 2,  2)";"1 ( 1,  1)";" 3 ( 3,  3)";"1 ( 1,  1)";"0 ( 0, 0)";"0 ( 0,  0)";" 11 (11,  11)"
"2014-08-13";"-93";" 340 (  302,  378)";"0 ( 0, 0)";"1 ( 1,  1)";"0 ( 0, 0)";"0 ( 0, 0)";"1 ( 1,  1)";" 1 ( 1,  1)";"1 ( 1,  1)";" 2 ( 2,  2)";"1 ( 1,  1)";" 3 ( 3,  3)";"1 ( 1,  1)";"0 ( 0, 0)";"0 ( 0,  0)";" 11 (11,  11)"
"2014-08-12";"-94";" 338 (  299,  377)";"0 ( 0, 0)";"1 ( 1,  1)";"0 ( 0, 0)";"0 ( 0, 0)";"1 ( 1,  1)";" 1 ( 1,  1)";"1 ( 1,  1)";" 2 ( 2,  2)";"1 ( 1,  1)";" 3 ( 3,  3)";"1 ( 1,  1)";"0 ( 0, 0)";"0 ( 0,  0)";" 11 (11,  11)"
"2014-08-11";"-95";" 335 (  295,  375)";"0 ( 0, 0)";"1 ( 1,  1)";"0 ( 0, 0)";"0 ( 0, 0)";"1 ( 1,  1)";" 1 ( 1,  1)";"1 ( 1,  1)";" 1 ( 1,  1)";"1 ( 1,  1)";" 3 ( 3,  3)";"1 ( 1,  1)";"0 ( 0, 0)";"0 ( 0,  0)";" 10 (10,  10)"
"2014-08-10";"-96";" 333 (  292,  374)";"0 ( 0, 0)";"1 ( 1,  1)";"0 ( 0, 0)";"0 ( 0, 0)";"1 ( 1,  1)";" 1 ( 1,  1)";"1 ( 1,  1)";" 1 ( 1,  1)";"1 ( 1,  1)";" 3 ( 3,  3)";"1 ( 1,  1)";"0 ( 0, 0)";"0 ( 0,  0)";" 10 (10,  10)"
"2014-08-09";"-97";" 330 (  288,  372)";"0 ( 0, 0)";"1 ( 1,  1)";"0 ( 0, 0)";"0 ( 0, 0)";"1 ( 1,  1)";" 1 ( 1,  1)";"1 ( 1,  1)";" 1 ( 1,  1)";"1 ( 1,  1)";" 3 ( 3,  3)";"1 ( 1,  1)";"0 ( 0, 0)";"0 ( 0,  0)";" 10 (10,  10)"
"2014-08-08";"-98";" 328 (  286,  370)";"0 ( 0, 0)";"1 ( 1,  1)";"0 ( 0, 0)";"0 ( 0, 0)";"1 ( 1,  1)";" 1 ( 1,  1)";"1 ( 1,  1)";" 1 ( 1,  1)";"1 ( 1,  1)";" 3 ( 3,  3)";"1 ( 1,  1)";"0 ( 0, 0)";"0 ( 0,  0)";" 10 (10,  10)"
"2014-08-07";"-99";" 326 (  283,  369)";"0 ( 0, 0)";"1 ( 1,  1)";"0 ( 0, 0)";"0 ( 0, 0)";"1 ( 1,  1)";" 1 ( 1,  1)";"1 ( 1,  1)";" 1 ( 1,  1)";"1 ( 1,  1)";" 3 ( 3,  3)";"1 ( 1,  1)";"0 ( 0, 0)";"0 ( 0,  0)";" 10 ( 9,  11)"
"2014-08-06";"-100";" 323 (  279,  367)";"0 ( 0, 0)";"1 ( 1,  1)";"0 ( 0, 0)";"0 ( 0, 0)";"1 ( 1,  1)";" 1 ( 1,  1)";"1 ( 1,  1)";" 1 ( 1,  1)";"1 ( 1,  1)";" 3 ( 3,  3)";"1 ( 1,  1)";"0 ( 0, 0)";"0 ( 0,  0)";" 10 ( 9,  11)"
"2014-08-05";"-101";" 321 (  276,  366)";"0 ( 0, 0)";"1 ( 1,  1)";"0 ( 0, 0)";"0 ( 0, 0)";"1 ( 1,  1)";" 1 ( 1,  1)";"1 ( 1,  1)";" 1 ( 1,  1)";"1 ( 1,  1)";" 3 ( 3,  3)";"1 ( 1,  1)";"0 ( 0, 0)";"0 ( 0,  0)";" 10 ( 9,  11)"
"2014-08-04";"-102";" 318 (  272,  364)";"0 ( 0, 0)";"1 ( 1,  1)";"0 ( 0, 0)";"0 ( 0, 0)";"1 ( 1,  1)";" 1 ( 1,  1)";"1 ( 1,  1)";" 1 ( 1,  1)";"1 ( 1,  1)";" 3 ( 3,  3)";"1 ( 1,  1)";"0 ( 0, 0)";"0 ( 0,  0)";" 10 ( 9,  11)"
"2014-08-03";"-103";" 316 (  269,  363)";"0 ( 0, 0)";"1 ( 1,  1)";"0 ( 0, 0)";"0 ( 0, 0)";"1 ( 1,  1)";" 1 ( 1,  1)";"1 ( 1,  1)";" 1 ( 1,  1)";"1 ( 1,  1)";" 3 ( 3,  3)";"1 ( 1,  1)";"0 ( 0, 0)";"0 ( 0,  0)";" 10 ( 9,  11)"
"2014-08-02";"-104";" 313 (  265,  361)";"0 ( 0, 0)";"1 ( 1,  1)";"0 ( 0, 0)";"0 ( 0, 0)";"1 ( 1,  1)";" 1 ( 1,  1)";"1 ( 1,  1)";" 1 ( 1,  1)";"1 ( 1,  1)";" 3 ( 3,  3)";"1 ( 1,  1)";"0 ( 0, 0)";"0 ( 0,  0)";" 10 ( 9,  11)"
"2014-08-01";"-105";" 311 (  263,  359)";"0 ( 0, 0)";"1 ( 1,  1)";"0 ( 0, 0)";"0 ( 0, 0)";"1 ( 1,  1)";" 1 ( 1,  1)";"1 ( 1,  1)";" 1 ( 1,  1)";"1 ( 1,  1)";" 3 ( 3,  3)";"1 ( 1,  1)";"0 ( 0, 0)";"0 ( 0,  0)";" 10 ( 9,  11)"
"2014-07-31";"-106";" 308 (  259,  357)";"0 ( 0, 0)";"1 ( 1,  1)";"0 ( 0, 0)";"0 ( 0, 0)";"1 ( 1,  1)";" 1 ( 1,  1)";"1 ( 1,  1)";" 1 ( 1,  1)";"1 ( 1,  1)";" 3 ( 3,  3)";"1 ( 1,  1)";"0 ( 0, 0)";"0 ( 0,  0)";" 10 ( 9,  11)"
"2014-07-30";"-107";" 305 (  255,  355)";"0 ( 0, 0)";"1 ( 1,  1)";"0 ( 0, 0)";"0 ( 0, 0)";"1 ( 1,  1)";" 1 ( 1,  1)";"1 ( 1,  1)";" 1 ( 1,  1)";"1 ( 1,  1)";" 3 ( 3,  3)";"1 ( 1,  1)";"0 ( 0, 0)";"0 ( 0,  0)";" 10 ( 9,  11)"
"2014-07-29";"-108";" 302 (  252,  352)";"0 ( 0, 0)";"1 ( 1,  1)";"0 ( 0, 0)";"0 ( 0, 0)";"0 ( 0,  0)";" 1 ( 1,  1)";"0 ( 0,  0)";" 1 ( 1,  1)";"0 ( 0,  0)";" 3 ( 3,  3)";"1 ( 1,  1)";"0 ( 0, 0)";"0 ( 0,  0)";"  7 ( 6,   8)"
"2014-07-28";"-109";" 299 (  248,  350)";"0 ( 0, 0)";"1 ( 1,  1)";"0 ( 0, 0)";"0 ( 0, 0)";"0 ( 0,  0)";" 1 ( 1,  1)";"0 ( 0,  0)";" 1 ( 1,  1)";"0 ( 0,  0)";" 3 ( 3,  3)";"1 ( 1,  1)";"0 ( 0, 0)";"0 ( 0,  0)";"  7 ( 6,   8)"
"2014-07-27";"-110";" 296 (  245,  347)";"0 ( 0, 0)";"1 ( 1,  1)";"0 ( 0, 0)";"0 ( 0, 0)";"0 ( 0,  0)";" 1 ( 1,  1)";"0 ( 0,  0)";" 1 ( 1,  1)";"0 ( 0,  0)";" 3 ( 3,  3)";"1 ( 1,  1)";"0 ( 0, 0)";"0 ( 0,  0)";"  7 ( 6,   8)"
"2014-07-26";"-111";" 293 (  242,  344)";"0 ( 0, 0)";"1 ( 1,  1)";"0 ( 0, 0)";"0 ( 0, 0)";"0 ( 0,  0)";" 1 ( 1,  1)";"0 ( 0,  0)";" 1 ( 1,  1)";"0 ( 0,  0)";" 3 ( 3,  3)";"1 ( 1,  1)";"0 ( 0, 0)";"0 ( 0,  0)";"  7 ( 6,   8)"
"2014-07-25";"-112";" 289 (  238,  340)";"0 ( 0, 0)";"1 ( 1,  1)";"0 ( 0, 0)";"0 ( 0, 0)";"0 ( 0,  0)";" 1 ( 1,  1)";"0 ( 0,  0)";" 1 ( 1,  1)";"0 ( 0,  0)";" 3 ( 3,  3)";"1 ( 1,  1)";"0 ( 0, 0)";"0 ( 0,  0)";"  7 ( 6,   8)"
"2014-07-24";"-113";" 285 (  234,  336)";"0 ( 0, 0)";"1 ( 1,  1)";"0 ( 0, 0)";"0 ( 0, 0)";"0 ( 0,  0)";" 1 ( 1,  1)";"0 ( 0,  0)";" 1 ( 1,  1)";"0 ( 0,  0)";" 3 ( 3,  3)";"1 ( 1,  1)";"0 ( 0, 0)";"0 ( 0,  0)";"  7 ( 6,   8)"
"2014-07-23";"-114";" 281 (  231,  331)";"0 ( 0, 0)";"1 ( 1,  1)";"0 ( 0, 0)";"0 ( 0, 0)";"0 ( 0,  0)";" 1 ( 1,  1)";"0 ( 0,  0)";" 1 ( 1,  1)";"0 ( 0,  0)";" 3 ( 3,  3)";"1 ( 1,  1)";"0 ( 0, 0)";"0 ( 0,  0)";"  7 ( 6,   8)"
"2014-07-22";"-115";" 277 (  228,  326)";"0 ( 0, 0)";"1 ( 1,  1)";"0 ( 0, 0)";"0 ( 0, 0)";"0 ( 0,  0)";" 1 ( 1,  1)";"0 ( 0,  0)";" 1 ( 1,  1)";"0 ( 0,  0)";" 2 ( 2,  2)";"1 ( 1,  1)";"0 ( 0, 0)";"0 ( 0,  0)";"  6 ( 5,   7)"
"2014-07-21";"-116";" 272 (  225,  319)";"0 ( 0, 0)";"1 ( 1,  1)";"0 ( 0, 0)";"0 ( 0, 0)";"0 ( 0,  0)";" 1 ( 1,  1)";"0 ( 0,  0)";" 1 ( 1,  1)";"0 ( 0,  0)";" 2 ( 2,  2)";"1 ( 1,  1)";"0 ( 0, 0)";"0 ( 0,  0)";"  6 ( 5,   7)"
"2014-07-20";"-117";" 266 (  220,  312)";"0 ( 0, 0)";"1 ( 1,  1)";"0 ( 0, 0)";"0 ( 0, 0)";"0 ( 0,  0)";" 1 ( 1,  1)";"0 ( 0,  0)";" 1 ( 1,  1)";"0 ( 0,  0)";" 2 ( 2,  2)";"1 ( 1,  1)";"0 ( 0, 0)";"0 ( 0,  0)";"  6 ( 5,   7)"
"2014-07-19";"-118";" 261 (  217,  305)";"0 ( 0, 0)";"1 ( 1,  1)";"0 ( 0, 0)";"0 ( 0, 0)";"0 ( 0,  0)";" 1 ( 1,  1)";"0 ( 0,  0)";" 1 ( 1,  1)";"0 ( 0,  0)";" 2 ( 2,  2)";"1 ( 1,  1)";"0 ( 0, 0)";"0 ( 0,  0)";"  6 ( 5,   7)"
"2014-07-18";"-119";" 256 (  213,  299)";"0 ( 0, 0)";"1 ( 1,  1)";"0 ( 0, 0)";"0 ( 0, 0)";"0 ( 0,  0)";" 1 ( 1,  1)";"0 ( 0,  0)";" 1 ( 1,  1)";"0 ( 0,  0)";" 2 ( 2,  2)";"1 ( 1,  1)";"0 ( 0, 0)";"0 ( 0,  0)";"  6 ( 6,   6)"
"2014-07-17";"-120";" 251 (  210,  292)";"0 ( 0, 0)";"1 ( 1,  1)";"0 ( 0, 0)";"0 ( 0, 0)";"0 ( 0,  0)";" 1 ( 1,  1)";"0 ( 0,  0)";" 1 ( 1,  1)";"0 ( 0,  0)";" 2 ( 2,  2)";"1 ( 1,  1)";"0 ( 0, 0)";"0 ( 0,  0)";"  6 ( 6,   6)"
"2014-07-16";"-121";" 246 (  206,  286)";"0 ( 0, 0)";"1 ( 1,  1)";"0 ( 0, 0)";"0 ( 0, 0)";"0 ( 0,  0)";" 1 ( 1,  1)";"0 ( 0,  0)";" 1 ( 1,  1)";"0 ( 0,  0)";" 2 ( 2,  2)";"1 ( 1,  1)";"0 ( 0, 0)";"0 ( 0,  0)";"  6 ( 6,   6)"
"2014-07-15";"-122";" 242 (  204,  280)";"0 ( 0, 0)";"1 ( 1,  1)";"0 ( 0, 0)";"0 ( 0, 0)";"0 ( 0,  0)";" 1 ( 1,  1)";"0 ( 0,  0)";" 1 ( 1,  1)";"0 ( 0,  0)";" 2 ( 2,  2)";"1 ( 1,  1)";"0 ( 0, 0)";"0 ( 0,  0)";"  6 ( 6,   6)"
"2014-07-14";"-123";" 237 (  200,  274)";"0 ( 0, 0)";"1 ( 1,  1)";"0 ( 0, 0)";"0 ( 0, 0)";"0 ( 0,  0)";" 1 ( 1,  1)";"0 ( 0,  0)";" 1 ( 1,  1)";"0 ( 0,  0)";" 2 ( 2,  2)";"1 ( 1,  1)";"0 ( 0, 0)";"0 ( 0,  0)";"  6 ( 6,   6)"
"2014-07-13";"-124";" 232 (  196,  268)";"0 ( 0, 0)";"1 ( 1,  1)";"0 ( 0, 0)";"0 ( 0, 0)";"0 ( 0,  0)";" 1 ( 1,  1)";"0 ( 0,  0)";" 1 ( 1,  1)";"0 ( 0,  0)";" 2 ( 2,  2)";"1 ( 1,  1)";"0 ( 0, 0)";"0 ( 0,  0)";"  6 ( 6,   6)"
"2014-07-12";"-125";" 228 (  193,  263)";"0 ( 0, 0)";"1 ( 1,  1)";"0 ( 0, 0)";"0 ( 0, 0)";"0 ( 0,  0)";" 1 ( 1,  1)";"0 ( 0,  0)";" 1 ( 1,  1)";"0 ( 0,  0)";" 2 ( 2,  2)";"1 ( 1,  1)";"0 ( 0, 0)";"0 ( 0,  0)";"  6 ( 6,   6)"
"2014-07-11";"-126";" 224 (  190,  258)";"0 ( 0, 0)";"1 ( 1,  1)";"0 ( 0, 0)";"0 ( 0, 0)";"0 ( 0,  0)";" 1 ( 1,  1)";"0 ( 0,  0)";" 1 ( 1,  1)";"0 ( 0,  0)";" 2 ( 2,  2)";"1 ( 1,  1)";"0 ( 0, 0)";"0 ( 0,  0)";"  6 ( 6,   6)"
"2014-07-10";"-127";" 219 (  186,  252)";"0 ( 0, 0)";"0 ( 0,  0)";"0 ( 0, 0)";"0 ( 0, 0)";"0 ( 0,  0)";" 1 ( 1,  1)";"0 ( 0,  0)";" 1 ( 1,  1)";"0 ( 0,  0)";" 2 ( 2,  2)";"1 ( 1,  1)";"0 ( 0, 0)";"0 ( 0,  0)";"  5 ( 5,   5)"
"2014-07-09";"-128";" 215 (  183,  247)";"0 ( 0, 0)";"0 ( 0,  0)";"0 ( 0, 0)";"0 ( 0, 0)";"0 ( 0,  0)";" 1 ( 1,  1)";"0 ( 0,  0)";" 1 ( 1,  1)";"0 ( 0,  0)";" 2 ( 2,  2)";"1 ( 1,  1)";"0 ( 0, 0)";"0 ( 0,  0)";"  5 ( 5,   5)"
"2014-07-08";"-129";" 211 (  180,  242)";"0 ( 0, 0)";"0 ( 0,  0)";"0 ( 0, 0)";"0 ( 0, 0)";"0 ( 0,  0)";" 1 ( 1,  1)";"0 ( 0,  0)";" 1 ( 1,  1)";"0 ( 0,  0)";" 2 ( 2,  2)";"1 ( 1,  1)";"0 ( 0, 0)";"0 ( 0,  0)";"  5 ( 5,   5)"
"2014-07-07";"-130";" 207 (  177,  237)";"0 ( 0, 0)";"0 ( 0,  0)";"0 ( 0, 0)";"0 ( 0, 0)";"0 ( 0,  0)";" 1 ( 1,  1)";"0 ( 0,  0)";" 1 ( 1,  1)";"0 ( 0,  0)";" 2 ( 2,  2)";"1 ( 1,  1)";"0 ( 0, 0)";"0 ( 0,  0)";"  5 ( 5,   5)"
"2014-07-06";"-131";" 203 (  174,  232)";"0 ( 0, 0)";"0 ( 0,  0)";"0 ( 0, 0)";"0 ( 0, 0)";"0 ( 0,  0)";" 1 ( 1,  1)";"0 ( 0,  0)";" 1 ( 1,  1)";"0 ( 0,  0)";" 2 ( 2,  2)";"1 ( 1,  1)";"0 ( 0, 0)";"0 ( 0,  0)";"  5 ( 5,   5)"
"2014-07-05";"-132";" 199 (  171,  227)";"0 ( 0, 0)";"0 ( 0,  0)";"0 ( 0, 0)";"0 ( 0, 0)";"0 ( 0,  0)";" 1 ( 1,  1)";"0 ( 0,  0)";" 1 ( 1,  1)";"0 ( 0,  0)";" 2 ( 2,  2)";"1 ( 1,  1)";"0 ( 0, 0)";"0 ( 0,  0)";"  5 ( 5,   5)"
"2014-07-04";"-133";" 195 (  168,  222)";"0 ( 0, 0)";"0 ( 0,  0)";"0 ( 0, 0)";"0 ( 0, 0)";"0 ( 0,  0)";" 1 ( 1,  1)";"0 ( 0,  0)";" 1 ( 1,  1)";"0 ( 0,  0)";" 2 ( 2,  2)";"0 ( 0,  0)";"0 ( 0, 0)";"0 ( 0,  0)";"  4 ( 4,   4)"
"2014-07-03";"-134";" 191 (  164,  218)";"0 ( 0, 0)";"0 ( 0,  0)";"0 ( 0, 0)";"0 ( 0, 0)";"0 ( 0,  0)";" 1 ( 1,  1)";"0 ( 0,  0)";" 1 ( 1,  1)";"0 ( 0,  0)";" 2 ( 2,  2)";"0 ( 0,  0)";"0 ( 0, 0)";"0 ( 0,  0)";"  4 ( 4,   4)"
"2014-07-02";"-135";" 188 (  162,  214)";"0 ( 0, 0)";"0 ( 0,  0)";"0 ( 0, 0)";"0 ( 0, 0)";"0 ( 0,  0)";" 1 ( 1,  1)";"0 ( 0,  0)";" 1 ( 1,  1)";"0 ( 0,  0)";" 2 ( 2,  2)";"0 ( 0,  0)";"0 ( 0, 0)";"0 ( 0,  0)";"  4 ( 4,   4)"
"2014-07-01";"-136";" 184 (  159,  209)";"0 ( 0, 0)";"0 ( 0,  0)";"0 ( 0, 0)";"0 ( 0, 0)";"0 ( 0,  0)";" 1 ( 1,  1)";"0 ( 0,  0)";" 1 ( 1,  1)";"0 ( 0,  0)";" 2 ( 2,  2)";"0 ( 0,  0)";"0 ( 0, 0)";"0 ( 0,  0)";"  4 ( 4,   4)"
"2014-06-30";"-137";" 181 (  156,  206)";"0 ( 0, 0)";"0 ( 0,  0)";"0 ( 0, 0)";"0 ( 0, 0)";"0 ( 0,  0)";" 1 ( 1,  1)";"0 ( 0,  0)";" 1 ( 1,  1)";"0 ( 0,  0)";" 2 ( 2,  2)";"0 ( 0,  0)";"0 ( 0, 0)";"0 ( 0,  0)";"  4 ( 4,   4)"
"2014-06-29";"-138";" 177 (  153,  201)";"0 ( 0, 0)";"0 ( 0,  0)";"0 ( 0, 0)";"0 ( 0, 0)";"0 ( 0,  0)";" 1 ( 1,  1)";"0 ( 0,  0)";" 1 ( 1,  1)";"0 ( 0,  0)";" 2 ( 2,  2)";"0 ( 0,  0)";"0 ( 0, 0)";"0 ( 0,  0)";"  4 ( 4,   4)"
"2014-06-28";"-139";" 174 (  151,  197)";"0 ( 0, 0)";"0 ( 0,  0)";"0 ( 0, 0)";"0 ( 0, 0)";"0 ( 0,  0)";" 1 ( 1,  1)";"0 ( 0,  0)";" 1 ( 1,  1)";"0 ( 0,  0)";" 2 ( 2,  2)";"0 ( 0,  0)";"0 ( 0, 0)";"0 ( 0,  0)";"  4 ( 4,   4)"
"2014-06-27";"-140";" 170 (  147,  193)";"0 ( 0, 0)";"0 ( 0,  0)";"0 ( 0, 0)";"0 ( 0, 0)";"0 ( 0,  0)";" 1 ( 1,  1)";"0 ( 0,  0)";" 1 ( 1,  1)";"0 ( 0,  0)";" 2 ( 2,  2)";"0 ( 0,  0)";"0 ( 0, 0)";"0 ( 0,  0)";"  4 ( 4,   4)"
"2014-06-26";"-141";" 167 (  145,  189)";"0 ( 0, 0)";"0 ( 0,  0)";"0 ( 0, 0)";"0 ( 0, 0)";"0 ( 0,  0)";" 1 ( 1,  1)";"0 ( 0,  0)";" 1 ( 1,  1)";"0 ( 0,  0)";" 1 ( 1,  1)";"0 ( 0,  0)";"0 ( 0, 0)";"0 ( 0,  0)";"  3 ( 3,   3)"
"2014-06-25";"-142";" 164 (  142,  186)";"0 ( 0, 0)";"0 ( 0,  0)";"0 ( 0, 0)";"0 ( 0, 0)";"0 ( 0,  0)";" 1 ( 1,  1)";"0 ( 0,  0)";" 1 ( 1,  1)";"0 ( 0,  0)";" 1 ( 1,  1)";"0 ( 0,  0)";"0 ( 0, 0)";"0 ( 0,  0)";"  3 ( 3,   3)"
"2014-06-24";"-143";" 161 (  139,  183)";"0 ( 0, 0)";"0 ( 0,  0)";"0 ( 0, 0)";"0 ( 0, 0)";"0 ( 0,  0)";" 1 ( 1,  1)";"0 ( 0,  0)";" 1 ( 1,  1)";"0 ( 0,  0)";" 1 ( 1,  1)";"0 ( 0,  0)";"0 ( 0, 0)";"0 ( 0,  0)";"  3 ( 3,   3)"
"2014-06-23";"-144";" 158 (  137,  179)";"0 ( 0, 0)";"0 ( 0,  0)";"0 ( 0, 0)";"0 ( 0, 0)";"0 ( 0,  0)";" 1 ( 1,  1)";"0 ( 0,  0)";" 1 ( 1,  1)";"0 ( 0,  0)";" 1 ( 1,  1)";"0 ( 0,  0)";"0 ( 0, 0)";"0 ( 0,  0)";"  3 ( 3,   3)"
"2014-06-22";"-145";" 155 (  134,  176)";"0 ( 0, 0)";"0 ( 0,  0)";"0 ( 0, 0)";"0 ( 0, 0)";"0 ( 0,  0)";" 1 ( 1,  1)";"0 ( 0,  0)";" 1 ( 1,  1)";"0 ( 0,  0)";" 1 ( 1,  1)";"0 ( 0,  0)";"0 ( 0, 0)";"0 ( 0,  0)";"  3 ( 3,   3)"
"2014-06-21";"-146";" 152 (  131,  173)";"0 ( 0, 0)";"0 ( 0,  0)";"0 ( 0, 0)";"0 ( 0, 0)";"0 ( 0,  0)";" 1 ( 1,  1)";"0 ( 0,  0)";" 1 ( 1,  1)";"0 ( 0,  0)";" 1 ( 1,  1)";"0 ( 0,  0)";"0 ( 0, 0)";"0 ( 0,  0)";"  3 ( 3,   3)"
"2014-06-20";"-147";" 149 (  129,  169)";"0 ( 0, 0)";"0 ( 0,  0)";"0 ( 0, 0)";"0 ( 0, 0)";"0 ( 0,  0)";" 0 ( 0,  0)";"0 ( 0,  0)";" 1 ( 1,  1)";"0 ( 0,  0)";" 1 ( 1,  1)";"0 ( 0,  0)";"0 ( 0, 0)";"0 ( 0,  0)";"  2 ( 2,   2)"
"2014-06-19";"-148";" 146 (  126,  166)";"0 ( 0, 0)";"0 ( 0,  0)";"0 ( 0, 0)";"0 ( 0, 0)";"0 ( 0,  0)";" 0 ( 0,  0)";"0 ( 0,  0)";" 1 ( 1,  1)";"0 ( 0,  0)";" 1 ( 1,  1)";"0 ( 0,  0)";"0 ( 0, 0)";"0 ( 0,  0)";"  2 ( 2,   2)"
"2014-06-18";"-149";" 143 (  123,  163)";"0 ( 0, 0)";"0 ( 0,  0)";"0 ( 0, 0)";"0 ( 0, 0)";"0 ( 0,  0)";" 0 ( 0,  0)";"0 ( 0,  0)";" 1 ( 1,  1)";"0 ( 0,  0)";" 1 ( 1,  1)";"0 ( 0,  0)";"0 ( 0, 0)";"0 ( 0,  0)";"  2 ( 2,   2)"
"2014-06-17";"-150";" 141 (  122,  160)";"0 ( 0, 0)";"0 ( 0,  0)";"0 ( 0, 0)";"0 ( 0, 0)";"0 ( 0,  0)";" 0 ( 0,  0)";"0 ( 0,  0)";" 1 ( 1,  1)";"0 ( 0,  0)";" 1 ( 1,  1)";"0 ( 0,  0)";"0 ( 0, 0)";"0 ( 0,  0)";"  2 ( 2,   2)"
"2014-06-16";"-151";" 138 (  119,  157)";"0 ( 0, 0)";"0 ( 0,  0)";"0 ( 0, 0)";"0 ( 0, 0)";"0 ( 0,  0)";" 0 ( 0,  0)";"0 ( 0,  0)";" 1 ( 1,  1)";"0 ( 0,  0)";" 1 ( 1,  1)";"0 ( 0,  0)";"0 ( 0, 0)";"0 ( 0,  0)";"  2 ( 2,   2)"
"2014-06-15";"-152";" 135 (  116,  154)";"0 ( 0, 0)";"0 ( 0,  0)";"0 ( 0, 0)";"0 ( 0, 0)";"0 ( 0,  0)";" 0 ( 0,  0)";"0 ( 0,  0)";" 1 ( 1,  1)";"0 ( 0,  0)";" 1 ( 1,  1)";"0 ( 0,  0)";"0 ( 0, 0)";"0 ( 0,  0)";"  2 ( 2,   2)"
"2014-06-14";"-153";" 133 (  114,  152)";"0 ( 0, 0)";"0 ( 0,  0)";"0 ( 0, 0)";"0 ( 0, 0)";"0 ( 0,  0)";" 0 ( 0,  0)";"0 ( 0,  0)";" 1 ( 1,  1)";"0 ( 0,  0)";" 1 ( 1,  1)";"0 ( 0,  0)";"0 ( 0, 0)";"0 ( 0,  0)";"  2 ( 2,   2)"
"2014-06-13";"-154";" 130 (  111,  149)";"0 ( 0, 0)";"0 ( 0,  0)";"0 ( 0, 0)";"0 ( 0, 0)";"0 ( 0,  0)";" 0 ( 0,  0)";"0 ( 0,  0)";" 1 ( 1,  1)";"0 ( 0,  0)";" 1 ( 1,  1)";"0 ( 0,  0)";"0 ( 0, 0)";"0 ( 0,  0)";"  2 ( 2,   2)"
"2014-06-12";"-155";" 128 (  110,  146)";"0 ( 0, 0)";"0 ( 0,  0)";"0 ( 0, 0)";"0 ( 0, 0)";"0 ( 0,  0)";" 0 ( 0,  0)";"0 ( 0,  0)";" 1 ( 1,  1)";"0 ( 0,  0)";" 1 ( 1,  1)";"0 ( 0,  0)";"0 ( 0, 0)";"0 ( 0,  0)";"  2 ( 2,   2)"
"2014-06-11";"-156";" 125 (  107,  143)";"0 ( 0, 0)";"0 ( 0,  0)";"0 ( 0, 0)";"0 ( 0, 0)";"0 ( 0,  0)";" 0 ( 0,  0)";"0 ( 0,  0)";" 1 ( 1,  1)";"0 ( 0,  0)";" 1 ( 1,  1)";"0 ( 0,  0)";"0 ( 0, 0)";"0 ( 0,  0)";"  2 ( 2,   2)"
"2014-06-10";"-157";" 123 (  105,  141)";"0 ( 0, 0)";"0 ( 0,  0)";"0 ( 0, 0)";"0 ( 0, 0)";"0 ( 0,  0)";" 0 ( 0,  0)";"0 ( 0,  0)";" 1 ( 1,  1)";"0 ( 0,  0)";" 1 ( 1,  1)";"0 ( 0,  0)";"0 ( 0, 0)";"0 ( 0,  0)";"  2 ( 2,   2)"
"2014-06-09";"-158";" 121 (  103,  139)";"0 ( 0, 0)";"0 ( 0,  0)";"0 ( 0, 0)";"0 ( 0, 0)";"0 ( 0,  0)";" 0 ( 0,  0)";"0 ( 0,  0)";" 1 ( 1,  1)";"0 ( 0,  0)";" 1 ( 1,  1)";"0 ( 0,  0)";"0 ( 0, 0)";"0 ( 0,  0)";"  2 ( 2,   2)"
"2014-06-08";"-159";" 118 (  100,  136)";"0 ( 0, 0)";"0 ( 0,  0)";"0 ( 0, 0)";"0 ( 0, 0)";"0 ( 0,  0)";" 0 ( 0,  0)";"0 ( 0,  0)";" 1 ( 1,  1)";"0 ( 0,  0)";" 1 ( 1,  1)";"0 ( 0,  0)";"0 ( 0, 0)";"0 ( 0,  0)";"  2 ( 2,   2)"
"2014-06-07";"-160";" 116 (   98,  134)";"0 ( 0, 0)";"0 ( 0,  0)";"0 ( 0, 0)";"0 ( 0, 0)";"0 ( 0,  0)";" 0 ( 0,  0)";"0 ( 0,  0)";" 1 ( 1,  1)";"0 ( 0,  0)";" 1 ( 1,  1)";"0 ( 0,  0)";"0 ( 0, 0)";"0 ( 0,  0)";"  2 ( 2,   2)"
"2014-06-06";"-161";" 114 (   96,  132)";"0 ( 0, 0)";"0 ( 0,  0)";"0 ( 0, 0)";"0 ( 0, 0)";"0 ( 0,  0)";" 0 ( 0,  0)";"0 ( 0,  0)";" 1 ( 1,  1)";"0 ( 0,  0)";" 1 ( 1,  1)";"0 ( 0,  0)";"0 ( 0, 0)";"0 ( 0,  0)";"  2 ( 2,   2)"
"2014-06-05";"-162";" 112 (   94,  130)";"0 ( 0, 0)";"0 ( 0,  0)";"0 ( 0, 0)";"0 ( 0, 0)";"0 ( 0,  0)";" 0 ( 0,  0)";"0 ( 0,  0)";" 0 ( 0,  0)";"0 ( 0,  0)";" 1 ( 1,  1)";"0 ( 0,  0)";"0 ( 0, 0)";"0 ( 0,  0)";"  1 ( 1,   1)"
"2014-06-04";"-163";" 110 (   93,  127)";"0 ( 0, 0)";"0 ( 0,  0)";"0 ( 0, 0)";"0 ( 0, 0)";"0 ( 0,  0)";" 0 ( 0,  0)";"0 ( 0,  0)";" 0 ( 0,  0)";"0 ( 0,  0)";" 1 ( 1,  1)";"0 ( 0,  0)";"0 ( 0, 0)";"0 ( 0,  0)";"  1 ( 1,   1)"
"2014-06-03";"-164";" 108 (   91,  125)";"0 ( 0, 0)";"0 ( 0,  0)";"0 ( 0, 0)";"0 ( 0, 0)";"0 ( 0,  0)";" 0 ( 0,  0)";"0 ( 0,  0)";" 0 ( 0,  0)";"0 ( 0,  0)";" 1 ( 1,  1)";"0 ( 0,  0)";"0 ( 0, 0)";"0 ( 0,  0)";"  1 ( 1,   1)"
"2014-06-02";"-165";" 106 (   89,  123)";"0 ( 0, 0)";"0 ( 0,  0)";"0 ( 0, 0)";"0 ( 0, 0)";"0 ( 0,  0)";" 0 ( 0,  0)";"0 ( 0,  0)";" 0 ( 0,  0)";"0 ( 0,  0)";" 1 ( 1,  1)";"0 ( 0,  0)";"0 ( 0, 0)";"0 ( 0,  0)";"  1 ( 1,   1)"
"2014-06-01";"-166";" 104 (   87,  121)";"0 ( 0, 0)";"0 ( 0,  0)";"0 ( 0, 0)";"0 ( 0, 0)";"0 ( 0,  0)";" 0 ( 0,  0)";"0 ( 0,  0)";" 0 ( 0,  0)";"0 ( 0,  0)";" 1 ( 1,  1)";"0 ( 0,  0)";"0 ( 0, 0)";"0 ( 0,  0)";"  1 ( 1,   1)"
"2014-05-31";"-167";" 102 (   85,  119)";"0 ( 0, 0)";"0 ( 0,  0)";"0 ( 0, 0)";"0 ( 0, 0)";"0 ( 0,  0)";" 0 ( 0,  0)";"0 ( 0,  0)";" 0 ( 0,  0)";"0 ( 0,  0)";" 1 ( 1,  1)";"0 ( 0,  0)";"0 ( 0, 0)";"0 ( 0,  0)";"  1 ( 1,   1)"
"2014-05-30";"-168";" 100 (   83,  117)";"0 ( 0, 0)";"0 ( 0,  0)";"0 ( 0, 0)";"0 ( 0, 0)";"0 ( 0,  0)";" 0 ( 0,  0)";"0 ( 0,  0)";" 0 ( 0,  0)";"0 ( 0,  0)";" 1 ( 1,  1)";"0 ( 0,  0)";"0 ( 0, 0)";"0 ( 0,  0)";"  1 ( 1,   1)"
"2014-05-29";"-169";"  98 (   81,  115)";"0 ( 0, 0)";"0 ( 0,  0)";"0 ( 0, 0)";"0 ( 0, 0)";"0 ( 0,  0)";" 0 ( 0,  0)";"0 ( 0,  0)";" 0 ( 0,  0)";"0 ( 0,  0)";" 1 ( 1,  1)";"0 ( 0,  0)";"0 ( 0, 0)";"0 ( 0,  0)";"  1 ( 1,   1)"
"2014-05-28";"-170";"  96 (   79,  113)";"0 ( 0, 0)";"0 ( 0,  0)";"0 ( 0, 0)";"0 ( 0, 0)";"0 ( 0,  0)";" 0 ( 0,  0)";"0 ( 0,  0)";" 0 ( 0,  0)";"0 ( 0,  0)";" 1 ( 1,  1)";"0 ( 0,  0)";"0 ( 0, 0)";"0 ( 0,  0)";"  1 ( 1,   1)"
"2014-05-27";"-171";"  94 (   77,  111)";"0 ( 0, 0)";"0 ( 0,  0)";"0 ( 0, 0)";"0 ( 0, 0)";"0 ( 0,  0)";" 0 ( 0,  0)";"0 ( 0,  0)";" 0 ( 0,  0)";"0 ( 0,  0)";" 1 ( 1,  1)";"0 ( 0,  0)";"0 ( 0, 0)";"0 ( 0,  0)";"  1 ( 1,   1)"
"2014-05-26";"-172";"  93 (   76,  110)";"0 ( 0, 0)";"0 ( 0,  0)";"0 ( 0, 0)";"0 ( 0, 0)";"0 ( 0,  0)";" 0 ( 0,  0)";"0 ( 0,  0)";" 0 ( 0,  0)";"0 ( 0,  0)";" 1 ( 1,  1)";"0 ( 0,  0)";"0 ( 0, 0)";"0 ( 0,  0)";"  1 ( 1,   1)"
"2014-05-25";"-173";"  91 (   74,  108)";"0 ( 0, 0)";"0 ( 0,  0)";"0 ( 0, 0)";"0 ( 0, 0)";"0 ( 0,  0)";" 0 ( 0,  0)";"0 ( 0,  0)";" 0 ( 0,  0)";"0 ( 0,  0)";" 1 ( 1,  1)";"0 ( 0,  0)";"0 ( 0, 0)";"0 ( 0,  0)";"  1 ( 1,   1)"
"2014-05-24";"-174";"  89 (   72,  106)";"0 ( 0, 0)";"0 ( 0,  0)";"0 ( 0, 0)";"0 ( 0, 0)";"0 ( 0,  0)";" 0 ( 0,  0)";"0 ( 0,  0)";" 0 ( 0,  0)";"0 ( 0,  0)";" 1 ( 1,  1)";"0 ( 0,  0)";"0 ( 0, 0)";"0 ( 0,  0)";"  1 ( 1,   1)"
"2014-05-23";"-175";"  87 (   71,  103)";"0 ( 0, 0)";"0 ( 0,  0)";"0 ( 0, 0)";"0 ( 0, 0)";"0 ( 0,  0)";" 0 ( 0,  0)";"0 ( 0,  0)";" 0 ( 0,  0)";"0 ( 0,  0)";" 1 ( 1,  1)";"0 ( 0,  0)";"0 ( 0, 0)";"0 ( 0,  0)";"  1 ( 1,   1)"
"2014-05-22";"-176";"  86 (   70,  102)";"0 ( 0, 0)";"0 ( 0,  0)";"0 ( 0, 0)";"0 ( 0, 0)";"0 ( 0,  0)";" 0 ( 0,  0)";"0 ( 0,  0)";" 0 ( 0,  0)";"0 ( 0,  0)";" 1 ( 1,  1)";"0 ( 0,  0)";"0 ( 0, 0)";"0 ( 0,  0)";"  1 ( 1,   1)"
"2014-05-21";"-177";"  84 (   68,  100)";"0 ( 0, 0)";"0 ( 0,  0)";"0 ( 0, 0)";"0 ( 0, 0)";"0 ( 0,  0)";" 0 ( 0,  0)";"0 ( 0,  0)";" 0 ( 0,  0)";"0 ( 0,  0)";" 1 ( 1,  1)";"0 ( 0,  0)";"0 ( 0, 0)";"0 ( 0,  0)";"  1 ( 1,   1)"
"2014-05-20";"-178";"  83 (   67,   99)";"0 ( 0, 0)";"0 ( 0,  0)";"0 ( 0, 0)";"0 ( 0, 0)";"0 ( 0,  0)";" 0 ( 0,  0)";"0 ( 0,  0)";" 0 ( 0,  0)";"0 ( 0,  0)";" 1 ( 1,  1)";"0 ( 0,  0)";"0 ( 0, 0)";"0 ( 0,  0)";"  1 ( 1,   1)"
"2014-05-19";"-179";"  81 (   65,   97)";"0 ( 0, 0)";"0 ( 0,  0)";"0 ( 0, 0)";"0 ( 0, 0)";"0 ( 0,  0)";" 0 ( 0,  0)";"0 ( 0,  0)";" 0 ( 0,  0)";"0 ( 0,  0)";" 1 ( 1,  1)";"0 ( 0,  0)";"0 ( 0, 0)";"0 ( 0,  0)";"  1 ( 1,   1)"
"2014-05-18";"-180";"  80 (   64,   96)";"0 ( 0, 0)";"0 ( 0,  0)";"0 ( 0, 0)";"0 ( 0, 0)";"0 ( 0,  0)";" 0 ( 0,  0)";"0 ( 0,  0)";" 0 ( 0,  0)";"0 ( 0,  0)";" 1 ( 1,  1)";"0 ( 0,  0)";"0 ( 0, 0)";"0 ( 0,  0)";"  1 ( 1,   1)"
"2014-05-17";"-181";"  78 (   62,   94)";"0 ( 0, 0)";"0 ( 0,  0)";"0 ( 0, 0)";"0 ( 0, 0)";"0 ( 0,  0)";" 0 ( 0,  0)";"0 ( 0,  0)";" 0 ( 0,  0)";"0 ( 0,  0)";" 1 ( 1,  1)";"0 ( 0,  0)";"0 ( 0, 0)";"0 ( 0,  0)";"  1 ( 1,   1)"
"2014-05-16";"-182";"  77 (   61,   93)";"0 ( 0, 0)";"0 ( 0,  0)";"0 ( 0, 0)";"0 ( 0, 0)";"0 ( 0,  0)";" 0 ( 0,  0)";"0 ( 0,  0)";" 0 ( 0,  0)";"0 ( 0,  0)";" 1 ( 1,  1)";"0 ( 0,  0)";"0 ( 0, 0)";"0 ( 0,  0)";"  1 ( 1,   1)"
"2014-05-15";"-183";"  75 (   59,   91)";"0 ( 0, 0)";"0 ( 0,  0)";"0 ( 0, 0)";"0 ( 0, 0)";"0 ( 0,  0)";" 0 ( 0,  0)";"0 ( 0,  0)";" 0 ( 0,  0)";"0 ( 0,  0)";" 1 ( 1,  1)";"0 ( 0,  0)";"0 ( 0, 0)";"0 ( 0,  0)";"  1 ( 1,   1)"
"2014-05-14";"-184";"  74 (   58,   90)";"0 ( 0, 0)";"0 ( 0,  0)";"0 ( 0, 0)";"0 ( 0, 0)";"0 ( 0,  0)";" 0 ( 0,  0)";"0 ( 0,  0)";" 0 ( 0,  0)";"0 ( 0,  0)";" 1 ( 1,  1)";"0 ( 0,  0)";"0 ( 0, 0)";"0 ( 0,  0)";"  1 ( 1,   1)"
"2014-05-13";"-185";"  72 (   56,   88)";"0 ( 0, 0)";"0 ( 0,  0)";"0 ( 0, 0)";"0 ( 0, 0)";"0 ( 0,  0)";" 0 ( 0,  0)";"0 ( 0,  0)";" 0 ( 0,  0)";"0 ( 0,  0)";" 1 ( 1,  1)";"0 ( 0,  0)";"0 ( 0, 0)";"0 ( 0,  0)";"  1 ( 1,   1)"
"2014-05-12";"-186";"  71 (   55,   87)";"0 ( 0, 0)";"0 ( 0,  0)";"0 ( 0, 0)";"0 ( 0, 0)";"0 ( 0,  0)";" 0 ( 0,  0)";"0 ( 0,  0)";" 0 ( 0,  0)";"0 ( 0,  0)";" 1 ( 1,  1)";"0 ( 0,  0)";"0 ( 0, 0)";"0 ( 0,  0)";"  1 ( 1,   1)"
"2014-05-11";"-187";"  70 (   54,   86)";"0 ( 0, 0)";"0 ( 0,  0)";"0 ( 0, 0)";"0 ( 0, 0)";"0 ( 0,  0)";" 0 ( 0,  0)";"0 ( 0,  0)";" 0 ( 0,  0)";"0 ( 0,  0)";" 1 ( 1,  1)";"0 ( 0,  0)";"0 ( 0, 0)";"0 ( 0,  0)";"  1 ( 1,   1)"
"2014-05-10";"-188";"  68 (   53,   83)";"0 ( 0, 0)";"0 ( 0,  0)";"0 ( 0, 0)";"0 ( 0, 0)";"0 ( 0,  0)";" 0 ( 0,  0)";"0 ( 0,  0)";" 0 ( 0,  0)";"0 ( 0,  0)";" 1 ( 1,  1)";"0 ( 0,  0)";"0 ( 0, 0)";"0 ( 0,  0)";"  1 ( 1,   1)"
"2014-05-09";"-189";"  67 (   52,   82)";"0 ( 0, 0)";"0 ( 0,  0)";"0 ( 0, 0)";"0 ( 0, 0)";"0 ( 0,  0)";" 0 ( 0,  0)";"0 ( 0,  0)";" 0 ( 0,  0)";"0 ( 0,  0)";" 1 ( 1,  1)";"0 ( 0,  0)";"0 ( 0, 0)";"0 ( 0,  0)";"  1 ( 1,   1)"
"2014-05-08";"-190";"  66 (   51,   81)";"0 ( 0, 0)";"0 ( 0,  0)";"0 ( 0, 0)";"0 ( 0, 0)";"0 ( 0,  0)";" 0 ( 0,  0)";"0 ( 0,  0)";" 0 ( 0,  0)";"0 ( 0,  0)";" 1 ( 1,  1)";"0 ( 0,  0)";"0 ( 0, 0)";"0 ( 0,  0)";"  1 ( 1,   1)"
"2014-05-07";"-191";"  65 (   50,   80)";"0 ( 0, 0)";"0 ( 0,  0)";"0 ( 0, 0)";"0 ( 0, 0)";"0 ( 0,  0)";" 0 ( 0,  0)";"0 ( 0,  0)";" 0 ( 0,  0)";"0 ( 0,  0)";" 1 ( 1,  1)";"0 ( 0,  0)";"0 ( 0, 0)";"0 ( 0,  0)";"  1 ( 1,   1)"
"2014-05-06";"-192";"  64 (   49,   79)";"0 ( 0, 0)";"0 ( 0,  0)";"0 ( 0, 0)";"0 ( 0, 0)";"0 ( 0,  0)";" 0 ( 0,  0)";"0 ( 0,  0)";" 0 ( 0,  0)";"0 ( 0,  0)";" 1 ( 1,  1)";"0 ( 0,  0)";"0 ( 0, 0)";"0 ( 0,  0)";"  1 ( 1,   1)"
"2014-05-05";"-193";"  62 (   47,   77)";"0 ( 0, 0)";"0 ( 0,  0)";"0 ( 0, 0)";"0 ( 0, 0)";"0 ( 0,  0)";" 0 ( 0,  0)";"0 ( 0,  0)";" 0 ( 0,  0)";"0 ( 0,  0)";" 1 ( 1,  1)";"0 ( 0,  0)";"0 ( 0, 0)";"0 ( 0,  0)";"  1 ( 1,   1)"
"2014-05-04";"-194";"  61 (   46,   76)";"0 ( 0, 0)";"0 ( 0,  0)";"0 ( 0, 0)";"0 ( 0, 0)";"0 ( 0,  0)";" 0 ( 0,  0)";"0 ( 0,  0)";" 0 ( 0,  0)";"0 ( 0,  0)";" 1 ( 1,  1)";"0 ( 0,  0)";"0 ( 0, 0)";"0 ( 0,  0)";"  1 ( 1,   1)"
"2014-05-03";"-195";"  60 (   45,   75)";"0 ( 0, 0)";"0 ( 0,  0)";"0 ( 0, 0)";"0 ( 0, 0)";"0 ( 0,  0)";" 0 ( 0,  0)";"0 ( 0,  0)";" 0 ( 0,  0)";"0 ( 0,  0)";" 1 ( 1,  1)";"0 ( 0,  0)";"0 ( 0, 0)";"0 ( 0,  0)";"  1 ( 1,   1)"
"2014-05-02";"-196";"  59 (   44,   74)";"0 ( 0, 0)";"0 ( 0,  0)";"0 ( 0, 0)";"0 ( 0, 0)";"0 ( 0,  0)";" 0 ( 0,  0)";"0 ( 0,  0)";" 0 ( 0,  0)";"0 ( 0,  0)";" 1 ( 1,  1)";"0 ( 0,  0)";"0 ( 0, 0)";"0 ( 0,  0)";"  1 ( 1,   1)"
"2014-05-01";"-197";"  58 (   43,   73)";"0 ( 0, 0)";"0 ( 0,  0)";"0 ( 0, 0)";"0 ( 0, 0)";"0 ( 0,  0)";" 0 ( 0,  0)";"0 ( 0,  0)";" 0 ( 0,  0)";"0 ( 0,  0)";" 1 ( 1,  1)";"0 ( 0,  0)";"0 ( 0, 0)";"0 ( 0,  0)";"  1 ( 1,   1)"
"2014-04-30";"-198";"  57 (   42,   72)";"0 ( 0, 0)";"0 ( 0,  0)";"0 ( 0, 0)";"0 ( 0, 0)";"0 ( 0,  0)";" 0 ( 0,  0)";"0 ( 0,  0)";" 0 ( 0,  0)";"0 ( 0,  0)";" 1 ( 1,  1)";"0 ( 0,  0)";"0 ( 0, 0)";"0 ( 0,  0)";"  1 ( 1,   1)"
"2014-04-29";"-199";"  56 (   41,   71)";"0 ( 0, 0)";"0 ( 0,  0)";"0 ( 0, 0)";"0 ( 0, 0)";"0 ( 0,  0)";" 0 ( 0,  0)";"0 ( 0,  0)";" 0 ( 0,  0)";"0 ( 0,  0)";" 0 ( 0,  0)";"0 ( 0,  0)";"0 ( 0, 0)";"0 ( 0,  0)";"  0 ( 0,   0)"
"2014-04-28";"-200";"  55 (   41,   69)";"0 ( 0, 0)";"0 ( 0,  0)";"0 ( 0, 0)";"0 ( 0, 0)";"0 ( 0,  0)";" 0 ( 0,  0)";"0 ( 0,  0)";" 0 ( 0,  0)";"0 ( 0,  0)";" 0 ( 0,  0)";"0 ( 0,  0)";"0 ( 0, 0)";"0 ( 0,  0)";"  0 ( 0,   0)"
"2014-04-27";"-201";"  54 (   40,   68)";"0 ( 0, 0)";"0 ( 0,  0)";"0 ( 0, 0)";"0 ( 0, 0)";"0 ( 0,  0)";" 0 ( 0,  0)";"0 ( 0,  0)";" 0 ( 0,  0)";"0 ( 0,  0)";" 0 ( 0,  0)";"0 ( 0,  0)";"0 ( 0, 0)";"0 ( 0,  0)";"  0 ( 0,   0)"
"2014-04-26";"-202";"  53 (   39,   67)";"0 ( 0, 0)";"0 ( 0,  0)";"0 ( 0, 0)";"0 ( 0, 0)";"0 ( 0,  0)";" 0 ( 0,  0)";"0 ( 0,  0)";" 0 ( 0,  0)";"0 ( 0,  0)";" 0 ( 0,  0)";"0 ( 0,  0)";"0 ( 0, 0)";"0 ( 0,  0)";"  0 ( 0,   0)"
"2014-04-25";"-203";"  52 (   38,   66)";"0 ( 0, 0)";"0 ( 0,  0)";"0 ( 0, 0)";"0 ( 0, 0)";"0 ( 0,  0)";" 0 ( 0,  0)";"0 ( 0,  0)";" 0 ( 0,  0)";"0 ( 0,  0)";" 0 ( 0,  0)";"0 ( 0,  0)";"0 ( 0, 0)";"0 ( 0,  0)";"  0 ( 0,   0)"
"2014-04-24";"-204";"  51 (   37,   65)";"0 ( 0, 0)";"0 ( 0,  0)";"0 ( 0, 0)";"0 ( 0, 0)";"0 ( 0,  0)";" 0 ( 0,  0)";"0 ( 0,  0)";" 0 ( 0,  0)";"0 ( 0,  0)";" 0 ( 0,  0)";"0 ( 0,  0)";"0 ( 0, 0)";"0 ( 0,  0)";"  0 ( 0,   0)"
"2014-04-23";"-205";"  50 (   36,   64)";"0 ( 0, 0)";"0 ( 0,  0)";"0 ( 0, 0)";"0 ( 0, 0)";"0 ( 0,  0)";" 0 ( 0,  0)";"0 ( 0,  0)";" 0 ( 0,  0)";"0 ( 0,  0)";" 0 ( 0,  0)";"0 ( 0,  0)";"0 ( 0, 0)";"0 ( 0,  0)";"  0 ( 0,   0)"
"2014-04-22";"-206";"  49 (   35,   63)";"0 ( 0, 0)";"0 ( 0,  0)";"0 ( 0, 0)";"0 ( 0, 0)";"0 ( 0,  0)";" 0 ( 0,  0)";"0 ( 0,  0)";" 0 ( 0,  0)";"0 ( 0,  0)";" 0 ( 0,  0)";"0 ( 0,  0)";"0 ( 0, 0)";"0 ( 0,  0)";"  0 ( 0,   0)"
